[0.000000] (-) TimerEvent: {}
[0.001795] (-) JobUnselected: {'identifier': 'dashboard_bridge'}
[0.001977] (-) JobUnselected: {'identifier': 'robot_bringup'}
[0.002816] (-) JobUnselected: {'identifier': 'task_allocator'}
[0.003367] (fleet_msgs) JobQueued: {'identifier': 'fleet_msgs', 'dependencies': OrderedDict()}
[0.003738] (fleet_coordination) JobQueued: {'identifier': 'fleet_coordination', 'dependencies': OrderedDict({'fleet_msgs': '/home/aditi/amr_ws/install/fleet_msgs'})}
[0.003995] (fleet_msgs) JobStarted: {'identifier': 'fleet_msgs'}
[0.040024] (fleet_msgs) JobProgress: {'identifier': 'fleet_msgs', 'progress': 'cmake'}
[0.043631] (fleet_msgs) Command: {'cmd': ['/usr/bin/cmake', '/home/aditi/amr_ws/src/fleet_msgs', '-DBUILD_TESTING=OFF', '-DCMAKE_INSTALL_PREFIX=/home/aditi/amr_ws/install/fleet_msgs'], 'cwd': '/home/aditi/amr_ws/build/fleet_msgs', 'env': OrderedDict({'LESSOPEN': '| /usr/bin/lesspipe %s', 'AI_AGENT': 'github_copilot_vscode_agent', 'USER': 'aditi', 'GIT_EDITOR': ':', 'GIT_ASKPASS': '/home/aditi/.vscode-server/bin/08d4889f9ec4a1685d257b9b95de036c8e1ce1e5/extensions/git/dist/askpass.sh', 'SHLVL': '1', 'LD_LIBRARY_PATH': '/home/aditi/amr_ws/install/fleet_msgs/lib:/opt/ros/lyrical/opt/gz_math_vendor/lib:/opt/ros/lyrical/opt/gz_utils_vendor/lib:/opt/ros/lyrical/opt/rviz_ogre_vendor/lib:/opt/ros/lyrical/lib/x86_64-linux-gnu:/opt/ros/lyrical/opt/gz_cmake_vendor/lib:/opt/ros/lyrical/lib', 'COPILOT_AGENT': '1', 'HOME': '/home/aditi', 'OLDPWD': '/home/aditi/amr_ws', 'TERM_PROGRAM_VERSION': '1.135.0', 'VSCODE_IPC_HOOK_CLI': '/run/user/1000/vscode-ipc-f20b4c05-ba03-4796-b9fe-a44693847bfc.sock', 'ROS_PYTHON_VERSION': '3', 'VSCODE_GIT_ASKPASS_MAIN': '/home/aditi/.vscode-server/bin/08d4889f9ec4a1685d257b9b95de036c8e1ce1e5/extensions/git/dist/askpass-main.js', 'VSCODE_GIT_ASKPASS_NODE': '/home/aditi/.vscode-server/bin/08d4889f9ec4a1685d257b9b95de036c8e1ce1e5/node', 'VSCODE_PYTHON_AUTOACTIVATE_GUARD': '1', 'DBUS_SESSION_BUS_ADDRESS': 'unix:path=/run/user/1000/bus', 'COLORTERM': 'truecolor', 'WSL_DISTRO_NAME': 'Ubuntu', 'WAYLAND_DISPLAY': 'wayland-0', 'COLCON_PREFIX_PATH': '/home/aditi/amr_ws/install', 'ROS_DISTRO': 'lyrical', 'LOGNAME': 'aditi', 'NAME': 'DESKTOP-RPS3BKC', 'WSL_INTEROP': '/run/WSL/463_interop', 'PULSE_SERVER': 'unix:/mnt/wslg/PulseServer', '_': '/usr/bin/colcon', 'ROS_VERSION': '2', 'TERM': 'xterm-256color', 'HISTCONTROL': 'ignorespace', 'PATH': '/home/aditi/amr_ws/install/task_allocator/bin:/home/aditi/amr_ws/install/fleet_coordination/bin:/home/aditi/amr_ws/install/dashboard_bridge/bin:/home/aditi/.vscode-server/data/User/globalStorage/github.copilot-chat/debugCommand:/home/aditi/.vscode-server/data/User/globalStorage/github.copilot-chat/copilotCli:/home/aditi/.vscode-server/bin/08d4889f9ec4a1685d257b9b95de036c8e1ce1e5/bin/remote-cli:/opt/ros/lyrical/bin:/usr/local/sbin:/usr/local/bin:/usr/sbin:/usr/bin:/sbin:/bin:/usr/games:/usr/local/games:/usr/lib/wsl/lib:/mnt/c/WINDOWS/system32:/mnt/c/WINDOWS:/mnt/c/WINDOWS/System32/Wbem:/mnt/c/WINDOWS/System32/WindowsPowerShell/v1.0/:/mnt/c/WINDOWS/System32/OpenSSH/:/mnt/c/Program Files/Git/cmd:/mnt/c/Users/best/AppData/Local/Microsoft/WindowsApps:/mnt/c/Users/best/AppData/Local/Python/bin:/mnt/c/Users/best/AppData/Local/Programs/Microsoft VS Code/bin:/snap/bin', 'XDG_RUNTIME_DIR': '/run/user/1000', 'DISPLAY': ':0', 'LANG': 'C.UTF-8', 'LS_COLORS': 'rs=0:di=01;34:ln=01;36:mh=00:pi=40;33:so=01;35:do=01;35:bd=40;33;01:cd=40;33;01:or=40;31;01:mi=00:su=37;41:sg=30;43:ca=00:tw=30;42:ow=34;42:st=37;44:ex=01;32:*.tar=01;31:*.tgz=01;31:*.arc=01;31:*.arj=01;31:*.taz=01;31:*.lha=01;31:*.lz4=01;31:*.lzh=01;31:*.lzma=01;31:*.tlz=01;31:*.txz=01;31:*.tzo=01;31:*.t7z=01;31:*.zip=01;31:*.z=01;31:*.dz=01;31:*.gz=01;31:*.lrz=01;31:*.lz=01;31:*.lzo=01;31:*.xz=01;31:*.zst=01;31:*.tzst=01;31:*.bz2=01;31:*.bz=01;31:*.tbz=01;31:*.tbz2=01;31:*.tz=01;31:*.deb=01;31:*.rpm=01;31:*.jar=01;31:*.war=01;31:*.ear=01;31:*.sar=01;31:*.rar=01;31:*.alz=01;31:*.ace=01;31:*.zoo=01;31:*.cpio=01;31:*.7z=01;31:*.rz=01;31:*.cab=01;31:*.wim=01;31:*.swm=01;31:*.dwm=01;31:*.esd=01;31:*.avif=01;35:*.jpg=01;35:*.jpeg=01;35:*.mjpg=01;35:*.mjpeg=01;35:*.gif=01;35:*.bmp=01;35:*.pbm=01;35:*.pgm=01;35:*.ppm=01;35:*.tga=01;35:*.xbm=01;35:*.xpm=01;35:*.tif=01;35:*.tiff=01;35:*.png=01;35:*.svg=01;35:*.svgz=01;35:*.mng=01;35:*.pcx=01;35:*.mov=01;35:*.mpg=01;35:*.mpeg=01;35:*.m2v=01;35:*.mkv=01;35:*.webm=01;35:*.webp=01;35:*.ogm=01;35:*.mp4=01;35:*.m4v=01;35:*.mp4v=01;35:*.vob=01;35:*.qt=01;35:*.nuv=01;35:*.wmv=01;35:*.asf=01;35:*.rm=01;35:*.rmvb=01;35:*.flc=01;35:*.avi=01;35:*.fli=01;35:*.flv=01;35:*.gl=01;35:*.dl=01;35:*.xcf=01;35:*.xwd=01;35:*.yuv=01;35:*.cgm=01;35:*.emf=01;35:*.ogv=01;35:*.ogx=01;35:*.aac=00;36:*.au=00;36:*.flac=00;36:*.m4a=00;36:*.mid=00;36:*.midi=00;36:*.mka=00;36:*.mp3=00;36:*.mpc=00;36:*.ogg=00;36:*.ra=00;36:*.wav=00;36:*.oga=00;36:*.opus=00;36:*.spx=00;36:*.xspf=00;36:*~=00;90:*#=00;90:*.bak=00;90:*.old=00;90:*.orig=00;90:*.part=00;90:*.rej=00;90:*.swp=00;90:*.tmp=00;90:*.dpkg-dist=00;90:*.dpkg-old=00;90:*.ucf-dist=00;90:*.ucf-new=00;90:*.ucf-old=00;90:*.rpmnew=00;90:*.rpmorig=00;90:*.rpmsave=00;90:', 'VSCODE_GIT_IPC_HANDLE': '/run/user/1000/vscode-git-b665d4f52e.sock', 'TERM_PROGRAM': 'vscode', 'AMENT_PREFIX_PATH': '/home/aditi/amr_ws/install/task_allocator:/home/aditi/amr_ws/install/robot_bringup:/home/aditi/amr_ws/install/fleet_coordination:/home/aditi/amr_ws/install/dashboard_bridge:/home/aditi/amr_ws/install/fleet_msgs:/opt/ros/lyrical', 'DEBIAN_FRONTEND': 'noninteractive', 'SHELL': '/bin/bash', 'LESSCLOSE': '/usr/bin/lesspipe %s %s', 'ROS_AUTOMATIC_DISCOVERY_RANGE': 'SUBNET', 'VSCODE_GIT_ASKPASS_EXTRA_ARGS': '', 'GIT_PAGER': 'cat', 'PWD': '/home/aditi/amr_ws/build/fleet_msgs', 'GIT_MERGE_AUTOEDIT': 'no', 'COPILOT_DEBUG_NONCE': '25699d9c64f2baf40a09a7ee354c6df4', 'XDG_DATA_DIRS': '/usr/local/share:/usr/share:/var/lib/snapd/desktop', 'PYTHONPATH': '/home/aditi/amr_ws/install/task_allocator/lib/python3.14/site-packages:/home/aditi/amr_ws/install/robot_bringup/lib/python3.14/site-packages:/home/aditi/amr_ws/install/fleet_coordination/lib/python3.14/site-packages:/home/aditi/amr_ws/install/dashboard_bridge/lib/python3.14/site-packages:/home/aditi/amr_ws/install/fleet_msgs/lib/python3.14/site-packages:/opt/ros/lyrical/opt/gz_math_vendor/lib/python:/opt/ros/lyrical/lib/python3.14/site-packages', 'COLCON': '1', 'WSL2_GUI_APPS_ENABLED': '1', 'HOSTTYPE': 'x86_64', 'CMAKE_PREFIX_PATH': '/home/aditi/amr_ws/install/fleet_msgs:/opt/ros/lyrical/opt/gz_math_vendor:/opt/ros/lyrical/opt/gz_utils_vendor:/opt/ros/lyrical/opt/gz_cmake_vendor:/home/aditi/amr_ws/install/task_allocator:/home/aditi/amr_ws/install/robot_bringup:/home/aditi/amr_ws/install/fleet_coordination:/home/aditi/amr_ws/install/dashboard_bridge:/opt/ros/lyrical', 'WSLENV': 'VSCODE_WSL_EXT_LOCATION/up'}), 'shell': False}
[0.098179] (-) TimerEvent: {}
[0.187149] (fleet_msgs) StdoutLine: {'line': b'-- Found ament_cmake: 2.8.8 (/opt/ros/lyrical/share/ament_cmake/cmake)\n'}
[0.198417] (-) TimerEvent: {}
[0.299019] (-) TimerEvent: {}
[0.399510] (-) TimerEvent: {}
[0.450392] (fleet_msgs) StdoutLine: {'line': b'-- Found rosidl_default_generators: 1.8.1 (/opt/ros/lyrical/share/rosidl_default_generators/cmake)\n'}
[0.460188] (fleet_msgs) StdoutLine: {'line': b'-- Using all available rosidl_typesupport_c: rosidl_typesupport_fastrtps_c;rosidl_typesupport_introspection_c\n'}
[0.499751] (-) TimerEvent: {}
[0.545427] (fleet_msgs) StdoutLine: {'line': b'-- Using all available rosidl_typesupport_cpp: rosidl_typesupport_fastrtps_cpp;rosidl_typesupport_introspection_cpp\n'}
[0.600019] (-) TimerEvent: {}
[0.616444] (fleet_msgs) StdoutLine: {'line': b'-- Found rosidl_adapter: 5.2.1 (/opt/ros/lyrical/share/rosidl_adapter/cmake)\n'}
[0.700290] (-) TimerEvent: {}
[0.801096] (-) TimerEvent: {}
[0.902307] (-) TimerEvent: {}
[1.003602] (-) TimerEvent: {}
[1.104552] (-) TimerEvent: {}
[1.205144] (-) TimerEvent: {}
[1.305655] (-) TimerEvent: {}
[1.406553] (-) TimerEvent: {}
[1.507883] (-) TimerEvent: {}
[1.609243] (-) TimerEvent: {}
[1.710453] (-) TimerEvent: {}
[1.811635] (-) TimerEvent: {}
[1.912126] (-) TimerEvent: {}
[1.958208] (fleet_msgs) StdoutLine: {'line': b'-- Using all available rosidl_typesupport_c: rosidl_typesupport_fastrtps_c;rosidl_typesupport_introspection_c\n'}
[2.012504] (-) TimerEvent: {}
[2.113390] (-) TimerEvent: {}
[2.214269] (-) TimerEvent: {}
[2.315139] (-) TimerEvent: {}
[2.384225] (fleet_msgs) StdoutLine: {'line': b'-- Using all available rosidl_typesupport_cpp: rosidl_typesupport_fastrtps_cpp;rosidl_typesupport_introspection_cpp\n'}
[2.415298] (-) TimerEvent: {}
[2.515814] (-) TimerEvent: {}
[2.618731] (-) TimerEvent: {}
[2.719149] (-) TimerEvent: {}
[2.822751] (-) TimerEvent: {}
[2.910624] (fleet_msgs) StdoutLine: {'line': b'-- Found Python3: /usr/bin/python3 (found version "3.14.4") found components: Interpreter Development NumPy Development.Module Development.Embed\n'}
[2.922966] (-) TimerEvent: {}
[2.970254] (fleet_msgs) StdoutLine: {'line': b'-- Found Python3: /usr/bin/python3 (found version "3.14.4") found components: Interpreter\n'}
[3.004239] (fleet_msgs) StdoutLine: {'line': b'-- Configuring done (2.9s)\n'}
[3.023253] (-) TimerEvent: {}
[3.123935] (-) TimerEvent: {}
[3.224617] (-) TimerEvent: {}
[3.253405] (fleet_msgs) StdoutLine: {'line': b'-- Generating done (0.2s)\n'}
[3.317846] (fleet_msgs) StdoutLine: {'line': b'-- Build files have been written to: /home/aditi/amr_ws/build/fleet_msgs\n'}
[3.324923] (-) TimerEvent: {}
[3.333530] (fleet_msgs) CommandEnded: {'returncode': 0}
[3.335380] (fleet_msgs) JobProgress: {'identifier': 'fleet_msgs', 'progress': 'build'}
[3.337288] (fleet_msgs) Command: {'cmd': ['/usr/bin/cmake', '--build', '/home/aditi/amr_ws/build/fleet_msgs', '--', '-j8', '-l8'], 'cwd': '/home/aditi/amr_ws/build/fleet_msgs', 'env': OrderedDict({'LESSOPEN': '| /usr/bin/lesspipe %s', 'AI_AGENT': 'github_copilot_vscode_agent', 'USER': 'aditi', 'GIT_EDITOR': ':', 'GIT_ASKPASS': '/home/aditi/.vscode-server/bin/08d4889f9ec4a1685d257b9b95de036c8e1ce1e5/extensions/git/dist/askpass.sh', 'SHLVL': '1', 'LD_LIBRARY_PATH': '/home/aditi/amr_ws/install/fleet_msgs/lib:/opt/ros/lyrical/opt/gz_math_vendor/lib:/opt/ros/lyrical/opt/gz_utils_vendor/lib:/opt/ros/lyrical/opt/rviz_ogre_vendor/lib:/opt/ros/lyrical/lib/x86_64-linux-gnu:/opt/ros/lyrical/opt/gz_cmake_vendor/lib:/opt/ros/lyrical/lib', 'COPILOT_AGENT': '1', 'HOME': '/home/aditi', 'OLDPWD': '/home/aditi/amr_ws', 'TERM_PROGRAM_VERSION': '1.135.0', 'VSCODE_IPC_HOOK_CLI': '/run/user/1000/vscode-ipc-f20b4c05-ba03-4796-b9fe-a44693847bfc.sock', 'ROS_PYTHON_VERSION': '3', 'VSCODE_GIT_ASKPASS_MAIN': '/home/aditi/.vscode-server/bin/08d4889f9ec4a1685d257b9b95de036c8e1ce1e5/extensions/git/dist/askpass-main.js', 'VSCODE_GIT_ASKPASS_NODE': '/home/aditi/.vscode-server/bin/08d4889f9ec4a1685d257b9b95de036c8e1ce1e5/node', 'VSCODE_PYTHON_AUTOACTIVATE_GUARD': '1', 'DBUS_SESSION_BUS_ADDRESS': 'unix:path=/run/user/1000/bus', 'COLORTERM': 'truecolor', 'WSL_DISTRO_NAME': 'Ubuntu', 'WAYLAND_DISPLAY': 'wayland-0', 'COLCON_PREFIX_PATH': '/home/aditi/amr_ws/install', 'ROS_DISTRO': 'lyrical', 'LOGNAME': 'aditi', 'NAME': 'DESKTOP-RPS3BKC', 'WSL_INTEROP': '/run/WSL/463_interop', 'PULSE_SERVER': 'unix:/mnt/wslg/PulseServer', '_': '/usr/bin/colcon', 'ROS_VERSION': '2', 'TERM': 'xterm-256color', 'HISTCONTROL': 'ignorespace', 'PATH': '/home/aditi/amr_ws/install/task_allocator/bin:/home/aditi/amr_ws/install/fleet_coordination/bin:/home/aditi/amr_ws/install/dashboard_bridge/bin:/home/aditi/.vscode-server/data/User/globalStorage/github.copilot-chat/debugCommand:/home/aditi/.vscode-server/data/User/globalStorage/github.copilot-chat/copilotCli:/home/aditi/.vscode-server/bin/08d4889f9ec4a1685d257b9b95de036c8e1ce1e5/bin/remote-cli:/opt/ros/lyrical/bin:/usr/local/sbin:/usr/local/bin:/usr/sbin:/usr/bin:/sbin:/bin:/usr/games:/usr/local/games:/usr/lib/wsl/lib:/mnt/c/WINDOWS/system32:/mnt/c/WINDOWS:/mnt/c/WINDOWS/System32/Wbem:/mnt/c/WINDOWS/System32/WindowsPowerShell/v1.0/:/mnt/c/WINDOWS/System32/OpenSSH/:/mnt/c/Program Files/Git/cmd:/mnt/c/Users/best/AppData/Local/Microsoft/WindowsApps:/mnt/c/Users/best/AppData/Local/Python/bin:/mnt/c/Users/best/AppData/Local/Programs/Microsoft VS Code/bin:/snap/bin', 'XDG_RUNTIME_DIR': '/run/user/1000', 'DISPLAY': ':0', 'LANG': 'C.UTF-8', 'LS_COLORS': 'rs=0:di=01;34:ln=01;36:mh=00:pi=40;33:so=01;35:do=01;35:bd=40;33;01:cd=40;33;01:or=40;31;01:mi=00:su=37;41:sg=30;43:ca=00:tw=30;42:ow=34;42:st=37;44:ex=01;32:*.tar=01;31:*.tgz=01;31:*.arc=01;31:*.arj=01;31:*.taz=01;31:*.lha=01;31:*.lz4=01;31:*.lzh=01;31:*.lzma=01;31:*.tlz=01;31:*.txz=01;31:*.tzo=01;31:*.t7z=01;31:*.zip=01;31:*.z=01;31:*.dz=01;31:*.gz=01;31:*.lrz=01;31:*.lz=01;31:*.lzo=01;31:*.xz=01;31:*.zst=01;31:*.tzst=01;31:*.bz2=01;31:*.bz=01;31:*.tbz=01;31:*.tbz2=01;31:*.tz=01;31:*.deb=01;31:*.rpm=01;31:*.jar=01;31:*.war=01;31:*.ear=01;31:*.sar=01;31:*.rar=01;31:*.alz=01;31:*.ace=01;31:*.zoo=01;31:*.cpio=01;31:*.7z=01;31:*.rz=01;31:*.cab=01;31:*.wim=01;31:*.swm=01;31:*.dwm=01;31:*.esd=01;31:*.avif=01;35:*.jpg=01;35:*.jpeg=01;35:*.mjpg=01;35:*.mjpeg=01;35:*.gif=01;35:*.bmp=01;35:*.pbm=01;35:*.pgm=01;35:*.ppm=01;35:*.tga=01;35:*.xbm=01;35:*.xpm=01;35:*.tif=01;35:*.tiff=01;35:*.png=01;35:*.svg=01;35:*.svgz=01;35:*.mng=01;35:*.pcx=01;35:*.mov=01;35:*.mpg=01;35:*.mpeg=01;35:*.m2v=01;35:*.mkv=01;35:*.webm=01;35:*.webp=01;35:*.ogm=01;35:*.mp4=01;35:*.m4v=01;35:*.mp4v=01;35:*.vob=01;35:*.qt=01;35:*.nuv=01;35:*.wmv=01;35:*.asf=01;35:*.rm=01;35:*.rmvb=01;35:*.flc=01;35:*.avi=01;35:*.fli=01;35:*.flv=01;35:*.gl=01;35:*.dl=01;35:*.xcf=01;35:*.xwd=01;35:*.yuv=01;35:*.cgm=01;35:*.emf=01;35:*.ogv=01;35:*.ogx=01;35:*.aac=00;36:*.au=00;36:*.flac=00;36:*.m4a=00;36:*.mid=00;36:*.midi=00;36:*.mka=00;36:*.mp3=00;36:*.mpc=00;36:*.ogg=00;36:*.ra=00;36:*.wav=00;36:*.oga=00;36:*.opus=00;36:*.spx=00;36:*.xspf=00;36:*~=00;90:*#=00;90:*.bak=00;90:*.old=00;90:*.orig=00;90:*.part=00;90:*.rej=00;90:*.swp=00;90:*.tmp=00;90:*.dpkg-dist=00;90:*.dpkg-old=00;90:*.ucf-dist=00;90:*.ucf-new=00;90:*.ucf-old=00;90:*.rpmnew=00;90:*.rpmorig=00;90:*.rpmsave=00;90:', 'VSCODE_GIT_IPC_HANDLE': '/run/user/1000/vscode-git-b665d4f52e.sock', 'TERM_PROGRAM': 'vscode', 'AMENT_PREFIX_PATH': '/home/aditi/amr_ws/install/task_allocator:/home/aditi/amr_ws/install/robot_bringup:/home/aditi/amr_ws/install/fleet_coordination:/home/aditi/amr_ws/install/dashboard_bridge:/home/aditi/amr_ws/install/fleet_msgs:/opt/ros/lyrical', 'DEBIAN_FRONTEND': 'noninteractive', 'SHELL': '/bin/bash', 'LESSCLOSE': '/usr/bin/lesspipe %s %s', 'ROS_AUTOMATIC_DISCOVERY_RANGE': 'SUBNET', 'VSCODE_GIT_ASKPASS_EXTRA_ARGS': '', 'GIT_PAGER': 'cat', 'PWD': '/home/aditi/amr_ws/build/fleet_msgs', 'GIT_MERGE_AUTOEDIT': 'no', 'COPILOT_DEBUG_NONCE': '25699d9c64f2baf40a09a7ee354c6df4', 'XDG_DATA_DIRS': '/usr/local/share:/usr/share:/var/lib/snapd/desktop', 'PYTHONPATH': '/home/aditi/amr_ws/install/task_allocator/lib/python3.14/site-packages:/home/aditi/amr_ws/install/robot_bringup/lib/python3.14/site-packages:/home/aditi/amr_ws/install/fleet_coordination/lib/python3.14/site-packages:/home/aditi/amr_ws/install/dashboard_bridge/lib/python3.14/site-packages:/home/aditi/amr_ws/install/fleet_msgs/lib/python3.14/site-packages:/opt/ros/lyrical/opt/gz_math_vendor/lib/python:/opt/ros/lyrical/lib/python3.14/site-packages', 'COLCON': '1', 'WSL2_GUI_APPS_ENABLED': '1', 'HOSTTYPE': 'x86_64', 'CMAKE_PREFIX_PATH': '/home/aditi/amr_ws/install/fleet_msgs:/opt/ros/lyrical/opt/gz_math_vendor:/opt/ros/lyrical/opt/gz_utils_vendor:/opt/ros/lyrical/opt/gz_cmake_vendor:/home/aditi/amr_ws/install/task_allocator:/home/aditi/amr_ws/install/robot_bringup:/home/aditi/amr_ws/install/fleet_coordination:/home/aditi/amr_ws/install/dashboard_bridge:/opt/ros/lyrical', 'WSLENV': 'VSCODE_WSL_EXT_LOCATION/up'}), 'shell': False}
[3.425280] (-) TimerEvent: {}
[3.480522] (fleet_msgs) StdoutLine: {'line': b'[  1%] \x1b[1m\x1b[34mGenerating type hashes for ROS interfaces\x1b[0m\n'}
[3.492368] (fleet_msgs) StdoutLine: {'line': b'[  2%] \x1b[1m\x1b[34mGenerating Rust code for ROS interfaces\x1b[0m\n'}
[3.525565] (-) TimerEvent: {}
[3.626402] (-) TimerEvent: {}
[3.727256] (-) TimerEvent: {}
[3.827971] (-) TimerEvent: {}
[3.928515] (-) TimerEvent: {}
[4.029035] (-) TimerEvent: {}
[4.129634] (-) TimerEvent: {}
[4.140649] (fleet_msgs) StdoutLine: {'line': b'[  2%] Built target fleet_msgs__rosidl_generator_type_description\n'}
[4.159837] (fleet_msgs) StdoutLine: {'line': b'[  3%] \x1b[1m\x1b[34mGenerating C code for ROS interfaces\x1b[0m\n'}
[4.182447] (fleet_msgs) StdoutLine: {'line': b'[  4%] \x1b[1m\x1b[34mGenerating C++ code for ROS interfaces\x1b[0m\n'}
[4.229827] (-) TimerEvent: {}
[4.255980] (fleet_msgs) StdoutLine: {'line': b'[  4%] Built target fleet_msgs__rs\n'}
[4.330035] (-) TimerEvent: {}
[4.430522] (-) TimerEvent: {}
[4.531050] (-) TimerEvent: {}
[4.631681] (-) TimerEvent: {}
[4.732594] (-) TimerEvent: {}
[4.833377] (-) TimerEvent: {}
[4.934050] (-) TimerEvent: {}
[5.034522] (-) TimerEvent: {}
[5.135206] (-) TimerEvent: {}
[5.235798] (-) TimerEvent: {}
[5.336449] (-) TimerEvent: {}
[5.437085] (-) TimerEvent: {}
[5.537676] (-) TimerEvent: {}
[5.548067] (fleet_msgs) StdoutLine: {'line': b'[  4%] Built target fleet_msgs__cpp\n'}
[5.637948] (-) TimerEvent: {}
[5.738773] (-) TimerEvent: {}
[5.839771] (-) TimerEvent: {}
[5.940671] (-) TimerEvent: {}
[6.002529] (fleet_msgs) StdoutLine: {'line': b'[  5%] \x1b[32mBuilding C object CMakeFiles/fleet_msgs__rosidl_generator_c.dir/rosidl_generator_c/fleet_msgs/msg/detail/heartbeat__description.c.o\x1b[0m\n'}
[6.005248] (fleet_msgs) StdoutLine: {'line': b'[  7%] \x1b[32mBuilding C object CMakeFiles/fleet_msgs__rosidl_generator_c.dir/rosidl_generator_c/fleet_msgs/msg/detail/heartbeat__functions.c.o\x1b[0m\n'}
[6.005805] (fleet_msgs) StdoutLine: {'line': b'[  9%] \x1b[32mBuilding C object CMakeFiles/fleet_msgs__rosidl_generator_c.dir/rosidl_generator_c/fleet_msgs/msg/detail/resource_claim__type_support.c.o\x1b[0m\n'}
[6.006021] (fleet_msgs) StdoutLine: {'line': b'[  9%] \x1b[32mBuilding C object CMakeFiles/fleet_msgs__rosidl_generator_c.dir/rosidl_generator_c/fleet_msgs/msg/detail/robot_intent__description.c.o\x1b[0m\n'}
[6.006230] (fleet_msgs) StdoutLine: {'line': b'[ 11%] \x1b[32mBuilding C object CMakeFiles/fleet_msgs__rosidl_generator_c.dir/rosidl_generator_c/fleet_msgs/msg/detail/resource_claim__description.c.o\x1b[0m\n'}
[6.006466] (fleet_msgs) StdoutLine: {'line': b'[ 11%] \x1b[32mBuilding C object CMakeFiles/fleet_msgs__rosidl_generator_c.dir/rosidl_generator_c/fleet_msgs/msg/detail/heartbeat__type_support.c.o\x1b[0m\n'}
[6.006861] (fleet_msgs) StdoutLine: {'line': b'[ 12%] \x1b[32mBuilding C object CMakeFiles/fleet_msgs__rosidl_generator_c.dir/rosidl_generator_c/fleet_msgs/msg/detail/resource_claim__functions.c.o\x1b[0m\n'}
[6.040876] (-) TimerEvent: {}
[6.111927] (fleet_msgs) StdoutLine: {'line': b'[ 14%] \x1b[32mBuilding C object CMakeFiles/fleet_msgs__rosidl_generator_c.dir/rosidl_generator_c/fleet_msgs/msg/detail/robot_intent__type_support.c.o\x1b[0m\n'}
[6.114861] (fleet_msgs) StdoutLine: {'line': b'[ 15%] \x1b[32mBuilding C object CMakeFiles/fleet_msgs__rosidl_generator_c.dir/rosidl_generator_c/fleet_msgs/msg/detail/robot_intent__functions.c.o\x1b[0m\n'}
[6.142742] (-) TimerEvent: {}
[6.143220] (fleet_msgs) StdoutLine: {'line': b'[ 17%] \x1b[32mBuilding C object CMakeFiles/fleet_msgs__rosidl_generator_c.dir/rosidl_generator_c/fleet_msgs/msg/detail/robot_state__type_support.c.o\x1b[0m\n'}
[6.143465] (fleet_msgs) StdoutLine: {'line': b'[ 17%] \x1b[32mBuilding C object CMakeFiles/fleet_msgs__rosidl_generator_c.dir/rosidl_generator_c/fleet_msgs/msg/detail/robot_state__functions.c.o\x1b[0m\n'}
[6.146412] (fleet_msgs) StdoutLine: {'line': b'[ 18%] \x1b[32mBuilding C object CMakeFiles/fleet_msgs__rosidl_generator_c.dir/rosidl_generator_c/fleet_msgs/msg/detail/robot_state__description.c.o\x1b[0m\n'}
[6.170201] (fleet_msgs) StdoutLine: {'line': b'[ 20%] \x1b[32mBuilding C object CMakeFiles/fleet_msgs__rosidl_generator_c.dir/rosidl_generator_c/fleet_msgs/msg/detail/task_announcement__functions.c.o\x1b[0m\n'}
[6.178760] (fleet_msgs) StdoutLine: {'line': b'[ 21%] \x1b[32mBuilding C object CMakeFiles/fleet_msgs__rosidl_generator_c.dir/rosidl_generator_c/fleet_msgs/msg/detail/task_announcement__type_support.c.o\x1b[0m\n'}
[6.193342] (fleet_msgs) StdoutLine: {'line': b'[ 22%] \x1b[32mBuilding C object CMakeFiles/fleet_msgs__rosidl_generator_c.dir/rosidl_generator_c/fleet_msgs/msg/detail/task_announcement__description.c.o\x1b[0m\n'}
[6.211098] (fleet_msgs) StdoutLine: {'line': b'[ 23%] \x1b[32mBuilding C object CMakeFiles/fleet_msgs__rosidl_generator_c.dir/rosidl_generator_c/fleet_msgs/msg/detail/task_bid__description.c.o\x1b[0m\n'}
[6.242876] (-) TimerEvent: {}
[6.244524] (fleet_msgs) StdoutLine: {'line': b'[ 24%] \x1b[32mBuilding C object CMakeFiles/fleet_msgs__rosidl_generator_c.dir/rosidl_generator_c/fleet_msgs/msg/detail/task_bid__functions.c.o\x1b[0m\n'}
[6.266752] (fleet_msgs) StdoutLine: {'line': b'[ 25%] \x1b[32mBuilding C object CMakeFiles/fleet_msgs__rosidl_generator_c.dir/rosidl_generator_c/fleet_msgs/msg/detail/task_bid__type_support.c.o\x1b[0m\n'}
[6.342179] (fleet_msgs) StdoutLine: {'line': b'[ 27%] \x1b[1m\x1b[32mLinking C shared library libfleet_msgs__rosidl_generator_c.so\x1b[0m\n'}
[6.342982] (-) TimerEvent: {}
[6.443523] (-) TimerEvent: {}
[6.513659] (fleet_msgs) StdoutLine: {'line': b'[ 27%] Built target fleet_msgs__rosidl_generator_c\n'}
[6.543843] (-) TimerEvent: {}
[6.558497] (fleet_msgs) StdoutLine: {'line': b'[ 28%] \x1b[1m\x1b[34mGenerating C type support for eProsima Fast-RTPS\x1b[0m\n'}
[6.562488] (fleet_msgs) StdoutLine: {'line': b'[ 29%] \x1b[1m\x1b[34mGenerating C++ type support for eProsima Fast-RTPS\x1b[0m\n'}
[6.568584] (fleet_msgs) StdoutLine: {'line': b'[ 30%] \x1b[1m\x1b[34mGenerating C introspection for ROS interfaces\x1b[0m\n'}
[6.573847] (fleet_msgs) StdoutLine: {'line': b'[ 31%] \x1b[1m\x1b[34mGenerating C++ introspection for ROS interfaces\x1b[0m\n'}
[6.575914] (fleet_msgs) StdoutLine: {'line': b'[ 32%] \x1b[1m\x1b[34mGenerating C type support dispatch for ROS interfaces\x1b[0m\n'}
[6.578209] (fleet_msgs) StdoutLine: {'line': b'[ 34%] \x1b[1m\x1b[34mGenerating C++ type support dispatch for ROS interfaces\x1b[0m\n'}
[6.644070] (-) TimerEvent: {}
[6.744823] (-) TimerEvent: {}
[6.845349] (-) TimerEvent: {}
[6.945969] (-) TimerEvent: {}
[7.046545] (-) TimerEvent: {}
[7.147157] (-) TimerEvent: {}
[7.247780] (-) TimerEvent: {}
[7.348374] (-) TimerEvent: {}
[7.448841] (-) TimerEvent: {}
[7.549324] (-) TimerEvent: {}
[7.649820] (-) TimerEvent: {}
[7.682822] (fleet_msgs) StdoutLine: {'line': b'[ 35%] \x1b[32mBuilding CXX object CMakeFiles/fleet_msgs__rosidl_typesupport_c.dir/rosidl_typesupport_c/fleet_msgs/msg/heartbeat__type_support.cpp.o\x1b[0m\n'}
[7.683117] (fleet_msgs) StdoutLine: {'line': b'[ 36%] \x1b[32mBuilding CXX object CMakeFiles/fleet_msgs__rosidl_typesupport_c.dir/rosidl_typesupport_c/fleet_msgs/msg/resource_claim__type_support.cpp.o\x1b[0m\n'}
[7.686749] (fleet_msgs) StdoutLine: {'line': b'[ 37%] \x1b[32mBuilding CXX object CMakeFiles/fleet_msgs__rosidl_typesupport_c.dir/rosidl_typesupport_c/fleet_msgs/msg/robot_intent__type_support.cpp.o\x1b[0m\n'}
[7.750289] (-) TimerEvent: {}
[7.766508] (fleet_msgs) StdoutLine: {'line': b'[ 38%] \x1b[32mBuilding CXX object CMakeFiles/fleet_msgs__rosidl_typesupport_cpp.dir/rosidl_typesupport_cpp/fleet_msgs/msg/heartbeat__type_support.cpp.o\x1b[0m\n'}
[7.850472] (-) TimerEvent: {}
[7.880891] (fleet_msgs) StdoutLine: {'line': b'[ 40%] \x1b[32mBuilding CXX object CMakeFiles/fleet_msgs__rosidl_typesupport_c.dir/rosidl_typesupport_c/fleet_msgs/msg/robot_state__type_support.cpp.o\x1b[0m\n'}
[7.950716] (-) TimerEvent: {}
[7.979971] (fleet_msgs) StdoutLine: {'line': b'[ 41%] \x1b[32mBuilding CXX object CMakeFiles/fleet_msgs__rosidl_typesupport_c.dir/rosidl_typesupport_c/fleet_msgs/msg/task_announcement__type_support.cpp.o\x1b[0m\n'}
[8.050781] (-) TimerEvent: {}
[8.088695] (fleet_msgs) StdoutLine: {'line': b'[ 42%] \x1b[32mBuilding CXX object CMakeFiles/fleet_msgs__rosidl_typesupport_c.dir/rosidl_typesupport_c/fleet_msgs/msg/task_bid__type_support.cpp.o\x1b[0m\n'}
[8.121597] (fleet_msgs) StdoutLine: {'line': b'[ 43%] \x1b[32mBuilding CXX object CMakeFiles/fleet_msgs__rosidl_typesupport_introspection_cpp.dir/rosidl_typesupport_introspection_cpp/fleet_msgs/msg/detail/heartbeat__type_support.cpp.o\x1b[0m\n'}
[8.150945] (-) TimerEvent: {}
[8.192522] (fleet_msgs) StdoutLine: {'line': b'[ 45%] \x1b[32mBuilding C object CMakeFiles/fleet_msgs__rosidl_typesupport_introspection_c.dir/rosidl_typesupport_introspection_c/fleet_msgs/msg/detail/heartbeat__type_support.c.o\x1b[0m\n'}
[8.193205] (fleet_msgs) StdoutLine: {'line': b'[ 45%] \x1b[1m\x1b[32mLinking CXX shared library libfleet_msgs__rosidl_typesupport_c.so\x1b[0m\n'}
[8.251128] (-) TimerEvent: {}
[8.315040] (fleet_msgs) StdoutLine: {'line': b'[ 47%] \x1b[32mBuilding C object CMakeFiles/fleet_msgs__rosidl_typesupport_introspection_c.dir/rosidl_typesupport_introspection_c/fleet_msgs/msg/detail/resource_claim__type_support.c.o\x1b[0m\n'}
[8.354737] (-) TimerEvent: {}
[8.378818] (fleet_msgs) StdoutLine: {'line': b'[ 47%] Built target fleet_msgs__rosidl_typesupport_c\n'}
[8.415431] (fleet_msgs) StdoutLine: {'line': b'[ 48%] \x1b[32mBuilding C object CMakeFiles/fleet_msgs__rosidl_typesupport_introspection_c.dir/rosidl_typesupport_introspection_c/fleet_msgs/msg/detail/robot_intent__type_support.c.o\x1b[0m\n'}
[8.454963] (-) TimerEvent: {}
[8.510911] (fleet_msgs) StdoutLine: {'line': b'[ 49%] \x1b[32mBuilding C object CMakeFiles/fleet_msgs__rosidl_typesupport_introspection_c.dir/rosidl_typesupport_introspection_c/fleet_msgs/msg/detail/robot_state__type_support.c.o\x1b[0m\n'}
[8.555155] (-) TimerEvent: {}
[8.603087] (fleet_msgs) StdoutLine: {'line': b'[ 50%] \x1b[32mBuilding C object CMakeFiles/fleet_msgs__rosidl_typesupport_introspection_c.dir/rosidl_typesupport_introspection_c/fleet_msgs/msg/detail/task_announcement__type_support.c.o\x1b[0m\n'}
[8.611840] (fleet_msgs) StdoutLine: {'line': b'[ 51%] \x1b[32mBuilding CXX object CMakeFiles/fleet_msgs__rosidl_typesupport_fastrtps_cpp.dir/rosidl_typesupport_fastrtps_cpp/fleet_msgs/msg/detail/dds_fastrtps/heartbeat__type_support.cpp.o\x1b[0m\n'}
[8.655486] (-) TimerEvent: {}
[8.678002] (fleet_msgs) StdoutLine: {'line': b'[ 52%] \x1b[32mBuilding CXX object CMakeFiles/fleet_msgs__rosidl_typesupport_fastrtps_c.dir/rosidl_typesupport_fastrtps_c/fleet_msgs/msg/detail/heartbeat__type_support_c.cpp.o\x1b[0m\n'}
[8.692859] (fleet_msgs) StdoutLine: {'line': b'[ 54%] \x1b[32mBuilding C object CMakeFiles/fleet_msgs__rosidl_typesupport_introspection_c.dir/rosidl_typesupport_introspection_c/fleet_msgs/msg/detail/task_bid__type_support.c.o\x1b[0m\n'}
[8.755733] (-) TimerEvent: {}
[8.790492] (fleet_msgs) StdoutLine: {'line': b'[ 55%] \x1b[1m\x1b[32mLinking C shared library libfleet_msgs__rosidl_typesupport_introspection_c.so\x1b[0m\n'}
[8.856293] (-) TimerEvent: {}
[8.934028] (fleet_msgs) StdoutLine: {'line': b'[ 55%] Built target fleet_msgs__rosidl_typesupport_introspection_c\n'}
[8.956382] (-) TimerEvent: {}
[9.056971] (-) TimerEvent: {}
[9.157419] (-) TimerEvent: {}
[9.257995] (-) TimerEvent: {}
[9.260890] (fleet_msgs) StdoutLine: {'line': b'[ 57%] \x1b[32mBuilding CXX object CMakeFiles/fleet_msgs__rosidl_typesupport_cpp.dir/rosidl_typesupport_cpp/fleet_msgs/msg/resource_claim__type_support.cpp.o\x1b[0m\n'}
[9.261236] (fleet_msgs) StdoutLine: {'line': b'[ 57%] \x1b[32mBuilding CXX object CMakeFiles/fleet_msgs__rosidl_typesupport_introspection_cpp.dir/rosidl_typesupport_introspection_cpp/fleet_msgs/msg/detail/resource_claim__type_support.cpp.o\x1b[0m\n'}
[9.264578] (fleet_msgs) StdoutLine: {'line': b'[ 58%] \x1b[32mBuilding CXX object CMakeFiles/fleet_msgs__rosidl_typesupport_cpp.dir/rosidl_typesupport_cpp/fleet_msgs/msg/robot_intent__type_support.cpp.o\x1b[0m\n'}
[9.270252] (fleet_msgs) StdoutLine: {'line': b'[ 60%] \x1b[32mBuilding CXX object CMakeFiles/fleet_msgs__rosidl_typesupport_introspection_cpp.dir/rosidl_typesupport_introspection_cpp/fleet_msgs/msg/detail/robot_intent__type_support.cpp.o\x1b[0m\n'}
[9.358200] (-) TimerEvent: {}
[9.459083] (-) TimerEvent: {}
[9.559851] (-) TimerEvent: {}
[9.662842] (-) TimerEvent: {}
[9.763317] (-) TimerEvent: {}
[9.863842] (-) TimerEvent: {}
[9.964432] (-) TimerEvent: {}
[10.066912] (-) TimerEvent: {}
[10.167937] (-) TimerEvent: {}
[10.268946] (-) TimerEvent: {}
[10.369750] (-) TimerEvent: {}
[10.470413] (-) TimerEvent: {}
[10.571164] (-) TimerEvent: {}
[10.671819] (-) TimerEvent: {}
[10.774749] (-) TimerEvent: {}
[10.786332] (fleet_msgs) StdoutLine: {'line': b'[ 61%] \x1b[32mBuilding CXX object CMakeFiles/fleet_msgs__rosidl_typesupport_introspection_cpp.dir/rosidl_typesupport_introspection_cpp/fleet_msgs/msg/detail/robot_state__type_support.cpp.o\x1b[0m\n'}
[10.874928] (-) TimerEvent: {}
[10.975511] (-) TimerEvent: {}
[10.977671] (fleet_msgs) StdoutLine: {'line': b'[ 62%] \x1b[32mBuilding CXX object CMakeFiles/fleet_msgs__rosidl_typesupport_fastrtps_c.dir/rosidl_typesupport_fastrtps_c/fleet_msgs/msg/detail/robot_intent__type_support_c.cpp.o\x1b[0m\n'}
[10.978208] (fleet_msgs) StdoutLine: {'line': b'[ 63%] \x1b[32mBuilding CXX object CMakeFiles/fleet_msgs__rosidl_typesupport_cpp.dir/rosidl_typesupport_cpp/fleet_msgs/msg/robot_state__type_support.cpp.o\x1b[0m\n'}
[10.997780] (fleet_msgs) StdoutLine: {'line': b'[ 64%] \x1b[32mBuilding CXX object CMakeFiles/fleet_msgs__rosidl_typesupport_fastrtps_c.dir/rosidl_typesupport_fastrtps_c/fleet_msgs/msg/detail/resource_claim__type_support_c.cpp.o\x1b[0m\n'}
[11.054972] (fleet_msgs) StdoutLine: {'line': b'[ 65%] \x1b[32mBuilding CXX object CMakeFiles/fleet_msgs__rosidl_typesupport_fastrtps_cpp.dir/rosidl_typesupport_fastrtps_cpp/fleet_msgs/msg/detail/dds_fastrtps/resource_claim__type_support.cpp.o\x1b[0m\n'}
[11.075673] (-) TimerEvent: {}
[11.176383] (-) TimerEvent: {}
[11.252609] (fleet_msgs) StdoutLine: {'line': b'[ 67%] \x1b[32mBuilding CXX object CMakeFiles/fleet_msgs__rosidl_typesupport_introspection_cpp.dir/rosidl_typesupport_introspection_cpp/fleet_msgs/msg/detail/task_announcement__type_support.cpp.o\x1b[0m\n'}
[11.253171] (fleet_msgs) StdoutLine: {'line': b'[ 68%] \x1b[32mBuilding CXX object CMakeFiles/fleet_msgs__rosidl_typesupport_fastrtps_cpp.dir/rosidl_typesupport_fastrtps_cpp/fleet_msgs/msg/detail/dds_fastrtps/robot_intent__type_support.cpp.o\x1b[0m\n'}
[11.276567] (-) TimerEvent: {}
[11.378757] (-) TimerEvent: {}
[11.479585] (-) TimerEvent: {}
[11.580334] (-) TimerEvent: {}
[11.681146] (-) TimerEvent: {}
[11.782123] (-) TimerEvent: {}
[11.883073] (-) TimerEvent: {}
[11.983895] (-) TimerEvent: {}
[12.065948] (fleet_msgs) StdoutLine: {'line': b'[ 69%] \x1b[32mBuilding CXX object CMakeFiles/fleet_msgs__rosidl_typesupport_cpp.dir/rosidl_typesupport_cpp/fleet_msgs/msg/task_announcement__type_support.cpp.o\x1b[0m\n'}
[12.084205] (-) TimerEvent: {}
[12.184635] (-) TimerEvent: {}
[12.291430] (-) TimerEvent: {}
[12.392033] (-) TimerEvent: {}
[12.492539] (-) TimerEvent: {}
[12.593223] (-) TimerEvent: {}
[12.693834] (-) TimerEvent: {}
[12.794419] (-) TimerEvent: {}
[12.895039] (-) TimerEvent: {}
[12.998764] (-) TimerEvent: {}
[13.099406] (-) TimerEvent: {}
[13.126449] (fleet_msgs) StdoutLine: {'line': b'[ 70%] \x1b[32mBuilding CXX object CMakeFiles/fleet_msgs__rosidl_typesupport_fastrtps_c.dir/rosidl_typesupport_fastrtps_c/fleet_msgs/msg/detail/robot_state__type_support_c.cpp.o\x1b[0m\n'}
[13.137540] (fleet_msgs) StdoutLine: {'line': b'[ 71%] \x1b[32mBuilding CXX object CMakeFiles/fleet_msgs__rosidl_typesupport_cpp.dir/rosidl_typesupport_cpp/fleet_msgs/msg/task_bid__type_support.cpp.o\x1b[0m\n'}
[13.160117] (fleet_msgs) StdoutLine: {'line': b'[ 72%] \x1b[32mBuilding CXX object CMakeFiles/fleet_msgs__rosidl_typesupport_introspection_cpp.dir/rosidl_typesupport_introspection_cpp/fleet_msgs/msg/detail/task_bid__type_support.cpp.o\x1b[0m\n'}
[13.199621] (-) TimerEvent: {}
[13.300279] (-) TimerEvent: {}
[13.400954] (-) TimerEvent: {}
[13.501796] (-) TimerEvent: {}
[13.536989] (fleet_msgs) StdoutLine: {'line': b'[ 74%] \x1b[32mBuilding CXX object CMakeFiles/fleet_msgs__rosidl_typesupport_fastrtps_cpp.dir/rosidl_typesupport_fastrtps_cpp/fleet_msgs/msg/detail/dds_fastrtps/robot_state__type_support.cpp.o\x1b[0m\n'}
[13.601996] (-) TimerEvent: {}
[13.707139] (-) TimerEvent: {}
[13.809692] (-) TimerEvent: {}
[13.820625] (fleet_msgs) StdoutLine: {'line': b'[ 75%] \x1b[32mBuilding CXX object CMakeFiles/fleet_msgs__rosidl_typesupport_fastrtps_cpp.dir/rosidl_typesupport_fastrtps_cpp/fleet_msgs/msg/detail/dds_fastrtps/task_announcement__type_support.cpp.o\x1b[0m\n'}
[13.823947] (fleet_msgs) StdoutLine: {'line': b'[ 76%] \x1b[32mBuilding CXX object CMakeFiles/fleet_msgs__rosidl_typesupport_fastrtps_c.dir/rosidl_typesupport_fastrtps_c/fleet_msgs/msg/detail/task_bid__type_support_c.cpp.o\x1b[0m\n'}
[13.909837] (-) TimerEvent: {}
[14.011812] (-) TimerEvent: {}
[14.114787] (-) TimerEvent: {}
[14.215553] (-) TimerEvent: {}
[14.316326] (-) TimerEvent: {}
[14.417119] (-) TimerEvent: {}
[14.517820] (-) TimerEvent: {}
[14.618567] (-) TimerEvent: {}
[14.719246] (-) TimerEvent: {}
[14.759997] (fleet_msgs) StdoutLine: {'line': b'[ 77%] \x1b[1m\x1b[32mLinking CXX shared library libfleet_msgs__rosidl_typesupport_cpp.so\x1b[0m\n'}
[14.819423] (-) TimerEvent: {}
[14.913523] (fleet_msgs) StdoutLine: {'line': b'[ 77%] Built target fleet_msgs__rosidl_typesupport_cpp\n'}
[14.919611] (-) TimerEvent: {}
[14.936855] (fleet_msgs) StdoutLine: {'line': b'[ 78%] \x1b[1m\x1b[32mLinking CXX shared library libfleet_msgs__rosidl_typesupport_introspection_cpp.so\x1b[0m\n'}
[15.019810] (-) TimerEvent: {}
[15.120387] (-) TimerEvent: {}
[15.210966] (fleet_msgs) StdoutLine: {'line': b'[ 78%] Built target fleet_msgs__rosidl_typesupport_introspection_cpp\n'}
[15.220562] (-) TimerEvent: {}
[15.229876] (fleet_msgs) StdoutLine: {'line': b'[ 80%] \x1b[32mBuilding CXX object CMakeFiles/fleet_msgs__rosidl_typesupport_fastrtps_c.dir/rosidl_typesupport_fastrtps_c/fleet_msgs/msg/detail/task_announcement__type_support_c.cpp.o\x1b[0m\n'}
[15.320752] (-) TimerEvent: {}
[15.421287] (-) TimerEvent: {}
[15.521874] (-) TimerEvent: {}
[15.618340] (fleet_msgs) StdoutLine: {'line': b'[ 81%] \x1b[32mBuilding CXX object CMakeFiles/fleet_msgs__rosidl_typesupport_fastrtps_cpp.dir/rosidl_typesupport_fastrtps_cpp/fleet_msgs/msg/detail/dds_fastrtps/task_bid__type_support.cpp.o\x1b[0m\n'}
[15.622012] (-) TimerEvent: {}
[15.722458] (-) TimerEvent: {}
[15.823023] (-) TimerEvent: {}
[15.923514] (-) TimerEvent: {}
[16.024077] (-) TimerEvent: {}
[16.124680] (-) TimerEvent: {}
[16.225165] (-) TimerEvent: {}
[16.325659] (-) TimerEvent: {}
[16.426150] (-) TimerEvent: {}
[16.526734] (-) TimerEvent: {}
[16.627557] (-) TimerEvent: {}
[16.710261] (fleet_msgs) StdoutLine: {'line': b'[ 82%] \x1b[1m\x1b[32mLinking CXX shared library libfleet_msgs__rosidl_typesupport_fastrtps_c.so\x1b[0m\n'}
[16.727824] (-) TimerEvent: {}
[16.828656] (-) TimerEvent: {}
[16.929364] (-) TimerEvent: {}
[17.030070] (-) TimerEvent: {}
[17.103191] (fleet_msgs) StdoutLine: {'line': b'[ 82%] Built target fleet_msgs__rosidl_typesupport_fastrtps_c\n'}
[17.130583] (-) TimerEvent: {}
[17.231369] (-) TimerEvent: {}
[17.259996] (fleet_msgs) StdoutLine: {'line': b'[ 83%] \x1b[1m\x1b[32mLinking CXX shared library libfleet_msgs__rosidl_typesupport_fastrtps_cpp.so\x1b[0m\n'}
[17.331784] (-) TimerEvent: {}
[17.432724] (-) TimerEvent: {}
[17.533707] (-) TimerEvent: {}
[17.585023] (fleet_msgs) StdoutLine: {'line': b'[ 83%] Built target fleet_msgs__rosidl_typesupport_fastrtps_cpp\n'}
[17.634026] (-) TimerEvent: {}
[17.665800] (fleet_msgs) StdoutLine: {'line': b'[ 83%] Built target fleet_msgs\n'}
[17.734399] (-) TimerEvent: {}
[17.738148] (fleet_msgs) StdoutLine: {'line': b'[ 84%] \x1b[1m\x1b[34mGenerating Python code for ROS interfaces\x1b[0m\n'}
[17.834838] (-) TimerEvent: {}
[17.935704] (-) TimerEvent: {}
[18.036386] (-) TimerEvent: {}
[18.137121] (-) TimerEvent: {}
[18.238223] (-) TimerEvent: {}
[18.339203] (-) TimerEvent: {}
[18.440020] (-) TimerEvent: {}
[18.540804] (-) TimerEvent: {}
[18.641478] (-) TimerEvent: {}
[18.742309] (-) TimerEvent: {}
[18.843136] (-) TimerEvent: {}
[18.943951] (-) TimerEvent: {}
[19.044757] (-) TimerEvent: {}
[19.145564] (-) TimerEvent: {}
[19.246819] (-) TimerEvent: {}
[19.347770] (-) TimerEvent: {}
[19.448528] (-) TimerEvent: {}
[19.549084] (-) TimerEvent: {}
[19.649514] (-) TimerEvent: {}
[19.750049] (-) TimerEvent: {}
[19.850564] (-) TimerEvent: {}
[19.951125] (-) TimerEvent: {}
[20.051829] (-) TimerEvent: {}
[20.152464] (-) TimerEvent: {}
[20.253346] (-) TimerEvent: {}
[20.354217] (-) TimerEvent: {}
[20.455026] (-) TimerEvent: {}
[20.555806] (-) TimerEvent: {}
[20.656534] (-) TimerEvent: {}
[20.757388] (-) TimerEvent: {}
[20.858407] (-) TimerEvent: {}
[20.963146] (-) TimerEvent: {}
[20.969416] (fleet_msgs) StdoutLine: {'line': b'[ 84%] Built target fleet_msgs__py\n'}
[21.027980] (fleet_msgs) StdoutLine: {'line': b'[ 87%] \x1b[32mBuilding C object CMakeFiles/fleet_msgs__rosidl_generator_py.dir/rosidl_generator_py/fleet_msgs/msg/_resource_claim_s.c.o\x1b[0m\n'}
[21.030262] (fleet_msgs) StdoutLine: {'line': b'[ 87%] \x1b[32mBuilding C object CMakeFiles/fleet_msgs__rosidl_generator_py.dir/rosidl_generator_py/fleet_msgs/msg/_robot_state_s.c.o\x1b[0m\n'}
[21.030585] (fleet_msgs) StdoutLine: {'line': b'[ 89%] \x1b[32mBuilding C object CMakeFiles/fleet_msgs__rosidl_generator_py.dir/rosidl_generator_py/fleet_msgs/msg/_heartbeat_s.c.o\x1b[0m\n'}
[21.030885] (fleet_msgs) StdoutLine: {'line': b'[ 89%] \x1b[32mBuilding C object CMakeFiles/fleet_msgs__rosidl_generator_py.dir/rosidl_generator_py/fleet_msgs/msg/_robot_intent_s.c.o\x1b[0m\n'}
[21.031262] (fleet_msgs) StdoutLine: {'line': b'[ 89%] Built target ament_cmake_python_sync_fleet_msgs\n'}
[21.035216] (fleet_msgs) StdoutLine: {'line': b'[ 90%] \x1b[32mBuilding C object CMakeFiles/fleet_msgs__rosidl_generator_py.dir/rosidl_generator_py/fleet_msgs/msg/_task_announcement_s.c.o\x1b[0m\n'}
[21.066245] (-) TimerEvent: {}
[21.166746] (-) TimerEvent: {}
[21.267151] (-) TimerEvent: {}
[21.367692] (-) TimerEvent: {}
[21.384504] (fleet_msgs) StdoutLine: {'line': b'[ 91%] \x1b[32mBuilding C object CMakeFiles/fleet_msgs__rosidl_generator_py.dir/rosidl_generator_py/fleet_msgs/msg/_task_bid_s.c.o\x1b[0m\n'}
[21.467858] (-) TimerEvent: {}
[21.568399] (-) TimerEvent: {}
[21.656212] (fleet_msgs) StdoutLine: {'line': b'running egg_info\n'}
[21.667632] (fleet_msgs) StdoutLine: {'line': b'[ 92%] \x1b[1m\x1b[32mLinking C shared library libfleet_msgs__rosidl_generator_py.so\x1b[0m\n'}
[21.668653] (-) TimerEvent: {}
[21.701203] (fleet_msgs) StdoutLine: {'line': b'writing fleet_msgs.egg-info/PKG-INFO\n'}
[21.702273] (fleet_msgs) StdoutLine: {'line': b'writing dependency_links to fleet_msgs.egg-info/dependency_links.txt\n'}
[21.702998] (fleet_msgs) StdoutLine: {'line': b'writing top-level names to fleet_msgs.egg-info/top_level.txt\n'}
[21.768861] (-) TimerEvent: {}
[21.797468] (fleet_msgs) StdoutLine: {'line': b'[ 92%] Built target fleet_msgs__rosidl_generator_py\n'}
[21.848976] (fleet_msgs) StdoutLine: {'line': b'[ 94%] \x1b[32mBuilding C object CMakeFiles/fleet_msgs_s__rosidl_typesupport_introspection_c.dir/rosidl_generator_py/fleet_msgs/_fleet_msgs_s.ep.rosidl_typesupport_introspection_c.c.o\x1b[0m\n'}
[21.850096] (fleet_msgs) StdoutLine: {'line': b'[ 95%] \x1b[32mBuilding C object CMakeFiles/fleet_msgs_s__rosidl_typesupport_c.dir/rosidl_generator_py/fleet_msgs/_fleet_msgs_s.ep.rosidl_typesupport_c.c.o\x1b[0m\n'}
[21.851462] (fleet_msgs) StdoutLine: {'line': b'[ 96%] \x1b[32mBuilding C object CMakeFiles/fleet_msgs_s__rosidl_typesupport_fastrtps_c.dir/rosidl_generator_py/fleet_msgs/_fleet_msgs_s.ep.rosidl_typesupport_fastrtps_c.c.o\x1b[0m\n'}
[21.863823] (fleet_msgs) StdoutLine: {'line': b"reading manifest file 'fleet_msgs.egg-info/SOURCES.txt'\n"}
[21.865614] (fleet_msgs) StdoutLine: {'line': b"writing manifest file 'fleet_msgs.egg-info/SOURCES.txt'\n"}
[21.869061] (-) TimerEvent: {}
[21.969647] (-) TimerEvent: {}
[22.063273] (fleet_msgs) StdoutLine: {'line': b'[ 96%] Built target ament_cmake_python_build_fleet_msgs_egg\n'}
[22.069835] (-) TimerEvent: {}
[22.170411] (-) TimerEvent: {}
[22.270606] (fleet_msgs) StdoutLine: {'line': b'[ 97%] \x1b[1m\x1b[32mLinking C shared module rosidl_generator_py/fleet_msgs/fleet_msgs_s__rosidl_typesupport_c.so\x1b[0m\n'}
[22.271083] (-) TimerEvent: {}
[22.292243] (fleet_msgs) StdoutLine: {'line': b'[ 98%] \x1b[1m\x1b[32mLinking C shared module rosidl_generator_py/fleet_msgs/fleet_msgs_s__rosidl_typesupport_introspection_c.so\x1b[0m\n'}
[22.307692] (fleet_msgs) StdoutLine: {'line': b'[100%] \x1b[1m\x1b[32mLinking C shared module rosidl_generator_py/fleet_msgs/fleet_msgs_s__rosidl_typesupport_fastrtps_c.so\x1b[0m\n'}
[22.371284] (-) TimerEvent: {}
[22.412435] (fleet_msgs) StdoutLine: {'line': b'[100%] Built target fleet_msgs_s__rosidl_typesupport_c\n'}
[22.424910] (fleet_msgs) StdoutLine: {'line': b'[100%] Built target fleet_msgs_s__rosidl_typesupport_introspection_c\n'}
[22.428219] (fleet_msgs) StdoutLine: {'line': b'[100%] Built target fleet_msgs_s__rosidl_typesupport_fastrtps_c\n'}
[22.453019] (fleet_msgs) CommandEnded: {'returncode': 0}
[22.455042] (fleet_msgs) JobProgress: {'identifier': 'fleet_msgs', 'progress': 'install'}
[22.471172] (fleet_msgs) Command: {'cmd': ['/usr/bin/cmake', '--install', '/home/aditi/amr_ws/build/fleet_msgs'], 'cwd': '/home/aditi/amr_ws/build/fleet_msgs', 'env': OrderedDict({'LESSOPEN': '| /usr/bin/lesspipe %s', 'AI_AGENT': 'github_copilot_vscode_agent', 'USER': 'aditi', 'GIT_EDITOR': ':', 'GIT_ASKPASS': '/home/aditi/.vscode-server/bin/08d4889f9ec4a1685d257b9b95de036c8e1ce1e5/extensions/git/dist/askpass.sh', 'SHLVL': '1', 'LD_LIBRARY_PATH': '/home/aditi/amr_ws/install/fleet_msgs/lib:/opt/ros/lyrical/opt/gz_math_vendor/lib:/opt/ros/lyrical/opt/gz_utils_vendor/lib:/opt/ros/lyrical/opt/rviz_ogre_vendor/lib:/opt/ros/lyrical/lib/x86_64-linux-gnu:/opt/ros/lyrical/opt/gz_cmake_vendor/lib:/opt/ros/lyrical/lib', 'COPILOT_AGENT': '1', 'HOME': '/home/aditi', 'OLDPWD': '/home/aditi/amr_ws', 'TERM_PROGRAM_VERSION': '1.135.0', 'VSCODE_IPC_HOOK_CLI': '/run/user/1000/vscode-ipc-f20b4c05-ba03-4796-b9fe-a44693847bfc.sock', 'ROS_PYTHON_VERSION': '3', 'VSCODE_GIT_ASKPASS_MAIN': '/home/aditi/.vscode-server/bin/08d4889f9ec4a1685d257b9b95de036c8e1ce1e5/extensions/git/dist/askpass-main.js', 'VSCODE_GIT_ASKPASS_NODE': '/home/aditi/.vscode-server/bin/08d4889f9ec4a1685d257b9b95de036c8e1ce1e5/node', 'VSCODE_PYTHON_AUTOACTIVATE_GUARD': '1', 'DBUS_SESSION_BUS_ADDRESS': 'unix:path=/run/user/1000/bus', 'COLORTERM': 'truecolor', 'WSL_DISTRO_NAME': 'Ubuntu', 'WAYLAND_DISPLAY': 'wayland-0', 'COLCON_PREFIX_PATH': '/home/aditi/amr_ws/install', 'ROS_DISTRO': 'lyrical', 'LOGNAME': 'aditi', 'NAME': 'DESKTOP-RPS3BKC', 'WSL_INTEROP': '/run/WSL/463_interop', 'PULSE_SERVER': 'unix:/mnt/wslg/PulseServer', '_': '/usr/bin/colcon', 'ROS_VERSION': '2', 'TERM': 'xterm-256color', 'HISTCONTROL': 'ignorespace', 'PATH': '/home/aditi/amr_ws/install/task_allocator/bin:/home/aditi/amr_ws/install/fleet_coordination/bin:/home/aditi/amr_ws/install/dashboard_bridge/bin:/home/aditi/.vscode-server/data/User/globalStorage/github.copilot-chat/debugCommand:/home/aditi/.vscode-server/data/User/globalStorage/github.copilot-chat/copilotCli:/home/aditi/.vscode-server/bin/08d4889f9ec4a1685d257b9b95de036c8e1ce1e5/bin/remote-cli:/opt/ros/lyrical/bin:/usr/local/sbin:/usr/local/bin:/usr/sbin:/usr/bin:/sbin:/bin:/usr/games:/usr/local/games:/usr/lib/wsl/lib:/mnt/c/WINDOWS/system32:/mnt/c/WINDOWS:/mnt/c/WINDOWS/System32/Wbem:/mnt/c/WINDOWS/System32/WindowsPowerShell/v1.0/:/mnt/c/WINDOWS/System32/OpenSSH/:/mnt/c/Program Files/Git/cmd:/mnt/c/Users/best/AppData/Local/Microsoft/WindowsApps:/mnt/c/Users/best/AppData/Local/Python/bin:/mnt/c/Users/best/AppData/Local/Programs/Microsoft VS Code/bin:/snap/bin', 'XDG_RUNTIME_DIR': '/run/user/1000', 'DISPLAY': ':0', 'LANG': 'C.UTF-8', 'LS_COLORS': 'rs=0:di=01;34:ln=01;36:mh=00:pi=40;33:so=01;35:do=01;35:bd=40;33;01:cd=40;33;01:or=40;31;01:mi=00:su=37;41:sg=30;43:ca=00:tw=30;42:ow=34;42:st=37;44:ex=01;32:*.tar=01;31:*.tgz=01;31:*.arc=01;31:*.arj=01;31:*.taz=01;31:*.lha=01;31:*.lz4=01;31:*.lzh=01;31:*.lzma=01;31:*.tlz=01;31:*.txz=01;31:*.tzo=01;31:*.t7z=01;31:*.zip=01;31:*.z=01;31:*.dz=01;31:*.gz=01;31:*.lrz=01;31:*.lz=01;31:*.lzo=01;31:*.xz=01;31:*.zst=01;31:*.tzst=01;31:*.bz2=01;31:*.bz=01;31:*.tbz=01;31:*.tbz2=01;31:*.tz=01;31:*.deb=01;31:*.rpm=01;31:*.jar=01;31:*.war=01;31:*.ear=01;31:*.sar=01;31:*.rar=01;31:*.alz=01;31:*.ace=01;31:*.zoo=01;31:*.cpio=01;31:*.7z=01;31:*.rz=01;31:*.cab=01;31:*.wim=01;31:*.swm=01;31:*.dwm=01;31:*.esd=01;31:*.avif=01;35:*.jpg=01;35:*.jpeg=01;35:*.mjpg=01;35:*.mjpeg=01;35:*.gif=01;35:*.bmp=01;35:*.pbm=01;35:*.pgm=01;35:*.ppm=01;35:*.tga=01;35:*.xbm=01;35:*.xpm=01;35:*.tif=01;35:*.tiff=01;35:*.png=01;35:*.svg=01;35:*.svgz=01;35:*.mng=01;35:*.pcx=01;35:*.mov=01;35:*.mpg=01;35:*.mpeg=01;35:*.m2v=01;35:*.mkv=01;35:*.webm=01;35:*.webp=01;35:*.ogm=01;35:*.mp4=01;35:*.m4v=01;35:*.mp4v=01;35:*.vob=01;35:*.qt=01;35:*.nuv=01;35:*.wmv=01;35:*.asf=01;35:*.rm=01;35:*.rmvb=01;35:*.flc=01;35:*.avi=01;35:*.fli=01;35:*.flv=01;35:*.gl=01;35:*.dl=01;35:*.xcf=01;35:*.xwd=01;35:*.yuv=01;35:*.cgm=01;35:*.emf=01;35:*.ogv=01;35:*.ogx=01;35:*.aac=00;36:*.au=00;36:*.flac=00;36:*.m4a=00;36:*.mid=00;36:*.midi=00;36:*.mka=00;36:*.mp3=00;36:*.mpc=00;36:*.ogg=00;36:*.ra=00;36:*.wav=00;36:*.oga=00;36:*.opus=00;36:*.spx=00;36:*.xspf=00;36:*~=00;90:*#=00;90:*.bak=00;90:*.old=00;90:*.orig=00;90:*.part=00;90:*.rej=00;90:*.swp=00;90:*.tmp=00;90:*.dpkg-dist=00;90:*.dpkg-old=00;90:*.ucf-dist=00;90:*.ucf-new=00;90:*.ucf-old=00;90:*.rpmnew=00;90:*.rpmorig=00;90:*.rpmsave=00;90:', 'VSCODE_GIT_IPC_HANDLE': '/run/user/1000/vscode-git-b665d4f52e.sock', 'TERM_PROGRAM': 'vscode', 'AMENT_PREFIX_PATH': '/home/aditi/amr_ws/install/task_allocator:/home/aditi/amr_ws/install/robot_bringup:/home/aditi/amr_ws/install/fleet_coordination:/home/aditi/amr_ws/install/dashboard_bridge:/home/aditi/amr_ws/install/fleet_msgs:/opt/ros/lyrical', 'DEBIAN_FRONTEND': 'noninteractive', 'SHELL': '/bin/bash', 'LESSCLOSE': '/usr/bin/lesspipe %s %s', 'ROS_AUTOMATIC_DISCOVERY_RANGE': 'SUBNET', 'VSCODE_GIT_ASKPASS_EXTRA_ARGS': '', 'GIT_PAGER': 'cat', 'PWD': '/home/aditi/amr_ws/build/fleet_msgs', 'GIT_MERGE_AUTOEDIT': 'no', 'COPILOT_DEBUG_NONCE': '25699d9c64f2baf40a09a7ee354c6df4', 'XDG_DATA_DIRS': '/usr/local/share:/usr/share:/var/lib/snapd/desktop', 'PYTHONPATH': '/home/aditi/amr_ws/install/task_allocator/lib/python3.14/site-packages:/home/aditi/amr_ws/install/robot_bringup/lib/python3.14/site-packages:/home/aditi/amr_ws/install/fleet_coordination/lib/python3.14/site-packages:/home/aditi/amr_ws/install/dashboard_bridge/lib/python3.14/site-packages:/home/aditi/amr_ws/install/fleet_msgs/lib/python3.14/site-packages:/opt/ros/lyrical/opt/gz_math_vendor/lib/python:/opt/ros/lyrical/lib/python3.14/site-packages', 'COLCON': '1', 'WSL2_GUI_APPS_ENABLED': '1', 'HOSTTYPE': 'x86_64', 'CMAKE_PREFIX_PATH': '/home/aditi/amr_ws/install/fleet_msgs:/opt/ros/lyrical/opt/gz_math_vendor:/opt/ros/lyrical/opt/gz_utils_vendor:/opt/ros/lyrical/opt/gz_cmake_vendor:/home/aditi/amr_ws/install/task_allocator:/home/aditi/amr_ws/install/robot_bringup:/home/aditi/amr_ws/install/fleet_coordination:/home/aditi/amr_ws/install/dashboard_bridge:/opt/ros/lyrical', 'WSLENV': 'VSCODE_WSL_EXT_LOCATION/up'}), 'shell': False}
[22.472870] (-) TimerEvent: {}
[22.490207] (fleet_msgs) StdoutLine: {'line': b'-- Install configuration: ""\n'}
[22.492462] (fleet_msgs) StdoutLine: {'line': b'-- Up-to-date: /home/aditi/amr_ws/install/fleet_msgs/share/ament_index/resource_index/rosidl_interfaces/fleet_msgs\n'}
[22.493048] (fleet_msgs) StdoutLine: {'line': b'-- Installing: /home/aditi/amr_ws/install/fleet_msgs/share/fleet_msgs/msg/RobotState.json\n'}
[22.493828] (fleet_msgs) StdoutLine: {'line': b'-- Installing: /home/aditi/amr_ws/install/fleet_msgs/share/fleet_msgs/msg/RobotIntent.json\n'}
[22.494333] (fleet_msgs) StdoutLine: {'line': b'-- Installing: /home/aditi/amr_ws/install/fleet_msgs/share/fleet_msgs/msg/ResourceClaim.json\n'}
[22.495211] (fleet_msgs) StdoutLine: {'line': b'-- Installing: /home/aditi/amr_ws/install/fleet_msgs/share/fleet_msgs/msg/TaskAnnouncement.json\n'}
[22.496877] (fleet_msgs) StdoutLine: {'line': b'-- Installing: /home/aditi/amr_ws/install/fleet_msgs/share/fleet_msgs/msg/TaskBid.json\n'}
[22.497851] (fleet_msgs) StdoutLine: {'line': b'-- Installing: /home/aditi/amr_ws/install/fleet_msgs/share/fleet_msgs/msg/Heartbeat.json\n'}
[22.498903] (fleet_msgs) StdoutLine: {'line': b'-- Up-to-date: /home/aditi/amr_ws/install/fleet_msgs/include/fleet_msgs/fleet_msgs\n'}
[22.499587] (fleet_msgs) StdoutLine: {'line': b'-- Up-to-date: /home/aditi/amr_ws/install/fleet_msgs/include/fleet_msgs/fleet_msgs/msg\n'}
[22.499807] (fleet_msgs) StdoutLine: {'line': b'-- Up-to-date: /home/aditi/amr_ws/install/fleet_msgs/include/fleet_msgs/fleet_msgs/msg/rosidl_generator_c__visibility_control.h\n'}
[22.500003] (fleet_msgs) StdoutLine: {'line': b'-- Installing: /home/aditi/amr_ws/install/fleet_msgs/include/fleet_msgs/fleet_msgs/msg/task_announcement.h\n'}
[22.500616] (fleet_msgs) StdoutLine: {'line': b'-- Installing: /home/aditi/amr_ws/install/fleet_msgs/include/fleet_msgs/fleet_msgs/msg/task_bid.h\n'}
[22.500914] (fleet_msgs) StdoutLine: {'line': b'-- Installing: /home/aditi/amr_ws/install/fleet_msgs/include/fleet_msgs/fleet_msgs/msg/resource_claim.h\n'}
[22.501526] (fleet_msgs) StdoutLine: {'line': b'-- Installing: /home/aditi/amr_ws/install/fleet_msgs/include/fleet_msgs/fleet_msgs/msg/robot_intent.h\n'}
[22.501954] (fleet_msgs) StdoutLine: {'line': b'-- Installing: /home/aditi/amr_ws/install/fleet_msgs/include/fleet_msgs/fleet_msgs/msg/robot_state.h\n'}
[22.502541] (fleet_msgs) StdoutLine: {'line': b'-- Installing: /home/aditi/amr_ws/install/fleet_msgs/include/fleet_msgs/fleet_msgs/msg/heartbeat.h\n'}
[22.502881] (fleet_msgs) StdoutLine: {'line': b'-- Up-to-date: /home/aditi/amr_ws/install/fleet_msgs/include/fleet_msgs/fleet_msgs/msg/detail\n'}
[22.503088] (fleet_msgs) StdoutLine: {'line': b'-- Installing: /home/aditi/amr_ws/install/fleet_msgs/include/fleet_msgs/fleet_msgs/msg/detail/task_announcement__functions.h\n'}
[22.503675] (fleet_msgs) StdoutLine: {'line': b'-- Installing: /home/aditi/amr_ws/install/fleet_msgs/include/fleet_msgs/fleet_msgs/msg/detail/robot_intent__functions.c\n'}
[22.504157] (fleet_msgs) StdoutLine: {'line': b'-- Installing: /home/aditi/amr_ws/install/fleet_msgs/include/fleet_msgs/fleet_msgs/msg/detail/task_bid__struct.h\n'}
[22.504400] (fleet_msgs) StdoutLine: {'line': b'-- Installing: /home/aditi/amr_ws/install/fleet_msgs/include/fleet_msgs/fleet_msgs/msg/detail/resource_claim__type_support.c\n'}
[22.504657] (fleet_msgs) StdoutLine: {'line': b'-- Installing: /home/aditi/amr_ws/install/fleet_msgs/include/fleet_msgs/fleet_msgs/msg/detail/robot_state__functions.c\n'}
[22.505127] (fleet_msgs) StdoutLine: {'line': b'-- Installing: /home/aditi/amr_ws/install/fleet_msgs/include/fleet_msgs/fleet_msgs/msg/detail/heartbeat__description.c\n'}
[22.505837] (fleet_msgs) StdoutLine: {'line': b'-- Installing: /home/aditi/amr_ws/install/fleet_msgs/include/fleet_msgs/fleet_msgs/msg/detail/robot_state__type_support.c\n'}
[22.508295] (fleet_msgs) StdoutLine: {'line': b'-- Installing: /home/aditi/amr_ws/install/fleet_msgs/include/fleet_msgs/fleet_msgs/msg/detail/resource_claim__functions.h\n'}
[22.509018] (fleet_msgs) StdoutLine: {'line': b'-- Installing: /home/aditi/amr_ws/install/fleet_msgs/include/fleet_msgs/fleet_msgs/msg/detail/robot_intent__struct.h\n'}
[22.509392] (fleet_msgs) StdoutLine: {'line': b'-- Installing: /home/aditi/amr_ws/install/fleet_msgs/include/fleet_msgs/fleet_msgs/msg/detail/task_announcement__struct.h\n'}
[22.509790] (fleet_msgs) StdoutLine: {'line': b'-- Installing: /home/aditi/amr_ws/install/fleet_msgs/include/fleet_msgs/fleet_msgs/msg/detail/robot_intent__type_support.h\n'}
[22.510720] (fleet_msgs) StdoutLine: {'line': b'-- Installing: /home/aditi/amr_ws/install/fleet_msgs/include/fleet_msgs/fleet_msgs/msg/detail/heartbeat__type_support.c\n'}
[22.511652] (fleet_msgs) StdoutLine: {'line': b'-- Installing: /home/aditi/amr_ws/install/fleet_msgs/include/fleet_msgs/fleet_msgs/msg/detail/robot_state__type_support.h\n'}
[22.513234] (fleet_msgs) StdoutLine: {'line': b'-- Installing: /home/aditi/amr_ws/install/fleet_msgs/include/fleet_msgs/fleet_msgs/msg/detail/task_announcement__description.c\n'}
[22.513827] (fleet_msgs) StdoutLine: {'line': b'-- Installing: /home/aditi/amr_ws/install/fleet_msgs/include/fleet_msgs/fleet_msgs/msg/detail/robot_intent__type_support.c\n'}
[22.514242] (fleet_msgs) StdoutLine: {'line': b'-- Installing: /home/aditi/amr_ws/install/fleet_msgs/include/fleet_msgs/fleet_msgs/msg/detail/task_bid__type_support.c\n'}
[22.514600] (fleet_msgs) StdoutLine: {'line': b'-- Installing: /home/aditi/amr_ws/install/fleet_msgs/include/fleet_msgs/fleet_msgs/msg/detail/task_bid__type_support.h\n'}
[22.515177] (fleet_msgs) StdoutLine: {'line': b'-- Installing: /home/aditi/amr_ws/install/fleet_msgs/include/fleet_msgs/fleet_msgs/msg/detail/task_bid__description.c\n'}
[22.515727] (fleet_msgs) StdoutLine: {'line': b'-- Installing: /home/aditi/amr_ws/install/fleet_msgs/include/fleet_msgs/fleet_msgs/msg/detail/robot_state__description.c\n'}
[22.516400] (fleet_msgs) StdoutLine: {'line': b'-- Installing: /home/aditi/amr_ws/install/fleet_msgs/include/fleet_msgs/fleet_msgs/msg/detail/heartbeat__type_support.h\n'}
[22.516844] (fleet_msgs) StdoutLine: {'line': b'-- Installing: /home/aditi/amr_ws/install/fleet_msgs/include/fleet_msgs/fleet_msgs/msg/detail/task_bid__functions.h\n'}
[22.517231] (fleet_msgs) StdoutLine: {'line': b'-- Installing: /home/aditi/amr_ws/install/fleet_msgs/include/fleet_msgs/fleet_msgs/msg/detail/robot_intent__description.c\n'}
[22.517786] (fleet_msgs) StdoutLine: {'line': b'-- Installing: /home/aditi/amr_ws/install/fleet_msgs/include/fleet_msgs/fleet_msgs/msg/detail/robot_state__struct.h\n'}
[22.518207] (fleet_msgs) StdoutLine: {'line': b'-- Installing: /home/aditi/amr_ws/install/fleet_msgs/include/fleet_msgs/fleet_msgs/msg/detail/resource_claim__description.c\n'}
[22.518744] (fleet_msgs) StdoutLine: {'line': b'-- Installing: /home/aditi/amr_ws/install/fleet_msgs/include/fleet_msgs/fleet_msgs/msg/detail/resource_claim__functions.c\n'}
[22.519311] (fleet_msgs) StdoutLine: {'line': b'-- Installing: /home/aditi/amr_ws/install/fleet_msgs/include/fleet_msgs/fleet_msgs/msg/detail/task_announcement__type_support.c\n'}
[22.519794] (fleet_msgs) StdoutLine: {'line': b'-- Installing: /home/aditi/amr_ws/install/fleet_msgs/include/fleet_msgs/fleet_msgs/msg/detail/task_announcement__functions.c\n'}
[22.520283] (fleet_msgs) StdoutLine: {'line': b'-- Installing: /home/aditi/amr_ws/install/fleet_msgs/include/fleet_msgs/fleet_msgs/msg/detail/resource_claim__type_support.h\n'}
[22.520690] (fleet_msgs) StdoutLine: {'line': b'-- Installing: /home/aditi/amr_ws/install/fleet_msgs/include/fleet_msgs/fleet_msgs/msg/detail/robot_state__functions.h\n'}
[22.521136] (fleet_msgs) StdoutLine: {'line': b'-- Installing: /home/aditi/amr_ws/install/fleet_msgs/include/fleet_msgs/fleet_msgs/msg/detail/task_announcement__type_support.h\n'}
[22.521478] (fleet_msgs) StdoutLine: {'line': b'-- Installing: /home/aditi/amr_ws/install/fleet_msgs/include/fleet_msgs/fleet_msgs/msg/detail/heartbeat__functions.c\n'}
[22.521785] (fleet_msgs) StdoutLine: {'line': b'-- Installing: /home/aditi/amr_ws/install/fleet_msgs/include/fleet_msgs/fleet_msgs/msg/detail/heartbeat__functions.h\n'}
[22.522791] (fleet_msgs) StdoutLine: {'line': b'-- Installing: /home/aditi/amr_ws/install/fleet_msgs/include/fleet_msgs/fleet_msgs/msg/detail/task_bid__functions.c\n'}
[22.523916] (fleet_msgs) StdoutLine: {'line': b'-- Installing: /home/aditi/amr_ws/install/fleet_msgs/include/fleet_msgs/fleet_msgs/msg/detail/resource_claim__struct.h\n'}
[22.524825] (fleet_msgs) StdoutLine: {'line': b'-- Installing: /home/aditi/amr_ws/install/fleet_msgs/include/fleet_msgs/fleet_msgs/msg/detail/robot_intent__functions.h\n'}
[22.525375] (fleet_msgs) StdoutLine: {'line': b'-- Installing: /home/aditi/amr_ws/install/fleet_msgs/include/fleet_msgs/fleet_msgs/msg/detail/heartbeat__struct.h\n'}
[22.526188] (fleet_msgs) StdoutLine: {'line': b'-- Up-to-date: /home/aditi/amr_ws/install/fleet_msgs/share/fleet_msgs/environment/library_path.sh\n'}
[22.526746] (fleet_msgs) StdoutLine: {'line': b'-- Up-to-date: /home/aditi/amr_ws/install/fleet_msgs/share/fleet_msgs/environment/library_path.dsv\n'}
[22.527516] (fleet_msgs) StdoutLine: {'line': b'-- Installing: /home/aditi/amr_ws/install/fleet_msgs/lib/libfleet_msgs__rosidl_generator_c.so\n'}
[22.528827] (fleet_msgs) StdoutLine: {'line': b'-- Set non-toolchain portion of runtime path of "/home/aditi/amr_ws/install/fleet_msgs/lib/libfleet_msgs__rosidl_generator_c.so" to ""\n'}
[22.529371] (fleet_msgs) StdoutLine: {'line': b'-- Up-to-date: /home/aditi/amr_ws/install/fleet_msgs/include/fleet_msgs/fleet_msgs\n'}
[22.529769] (fleet_msgs) StdoutLine: {'line': b'-- Up-to-date: /home/aditi/amr_ws/install/fleet_msgs/include/fleet_msgs/fleet_msgs/msg\n'}
[22.530031] (fleet_msgs) StdoutLine: {'line': b'-- Up-to-date: /home/aditi/amr_ws/install/fleet_msgs/include/fleet_msgs/fleet_msgs/msg/rosidl_typesupport_fastrtps_c__visibility_control.h\n'}
[22.530402] (fleet_msgs) StdoutLine: {'line': b'-- Up-to-date: /home/aditi/amr_ws/install/fleet_msgs/include/fleet_msgs/fleet_msgs/msg/detail\n'}
[22.530671] (fleet_msgs) StdoutLine: {'line': b'-- Installing: /home/aditi/amr_ws/install/fleet_msgs/include/fleet_msgs/fleet_msgs/msg/detail/robot_state__rosidl_typesupport_fastrtps_c.h\n'}
[22.531178] (fleet_msgs) StdoutLine: {'line': b'-- Installing: /home/aditi/amr_ws/install/fleet_msgs/include/fleet_msgs/fleet_msgs/msg/detail/robot_intent__rosidl_typesupport_fastrtps_c.h\n'}
[22.531807] (fleet_msgs) StdoutLine: {'line': b'-- Installing: /home/aditi/amr_ws/install/fleet_msgs/include/fleet_msgs/fleet_msgs/msg/detail/heartbeat__rosidl_typesupport_fastrtps_c.h\n'}
[22.532143] (fleet_msgs) StdoutLine: {'line': b'-- Installing: /home/aditi/amr_ws/install/fleet_msgs/include/fleet_msgs/fleet_msgs/msg/detail/task_announcement__rosidl_typesupport_fastrtps_c.h\n'}
[22.532533] (fleet_msgs) StdoutLine: {'line': b'-- Installing: /home/aditi/amr_ws/install/fleet_msgs/include/fleet_msgs/fleet_msgs/msg/detail/task_bid__rosidl_typesupport_fastrtps_c.h\n'}
[22.532659] (fleet_msgs) StdoutLine: {'line': b'-- Installing: /home/aditi/amr_ws/install/fleet_msgs/include/fleet_msgs/fleet_msgs/msg/detail/resource_claim__rosidl_typesupport_fastrtps_c.h\n'}
[22.533000] (fleet_msgs) StdoutLine: {'line': b'-- Installing: /home/aditi/amr_ws/install/fleet_msgs/lib/libfleet_msgs__rosidl_typesupport_fastrtps_c.so\n'}
[22.534838] (fleet_msgs) StdoutLine: {'line': b'-- Set non-toolchain portion of runtime path of "/home/aditi/amr_ws/install/fleet_msgs/lib/libfleet_msgs__rosidl_typesupport_fastrtps_c.so" to ""\n'}
[22.535060] (fleet_msgs) StdoutLine: {'line': b'-- Up-to-date: /home/aditi/amr_ws/install/fleet_msgs/include/fleet_msgs/fleet_msgs\n'}
[22.535351] (fleet_msgs) StdoutLine: {'line': b'-- Up-to-date: /home/aditi/amr_ws/install/fleet_msgs/include/fleet_msgs/fleet_msgs/msg\n'}
[22.535803] (fleet_msgs) StdoutLine: {'line': b'-- Up-to-date: /home/aditi/amr_ws/install/fleet_msgs/include/fleet_msgs/fleet_msgs/msg/rosidl_typesupport_introspection_c__visibility_control.h\n'}
[22.536086] (fleet_msgs) StdoutLine: {'line': b'-- Up-to-date: /home/aditi/amr_ws/install/fleet_msgs/include/fleet_msgs/fleet_msgs/msg/detail\n'}
[22.536238] (fleet_msgs) StdoutLine: {'line': b'-- Installing: /home/aditi/amr_ws/install/fleet_msgs/include/fleet_msgs/fleet_msgs/msg/detail/resource_claim__rosidl_typesupport_introspection_c.h\n'}
[22.536565] (fleet_msgs) StdoutLine: {'line': b'-- Installing: /home/aditi/amr_ws/install/fleet_msgs/include/fleet_msgs/fleet_msgs/msg/detail/resource_claim__type_support.c\n'}
[22.536803] (fleet_msgs) StdoutLine: {'line': b'-- Installing: /home/aditi/amr_ws/install/fleet_msgs/include/fleet_msgs/fleet_msgs/msg/detail/robot_state__type_support.c\n'}
[22.537237] (fleet_msgs) StdoutLine: {'line': b'-- Installing: /home/aditi/amr_ws/install/fleet_msgs/include/fleet_msgs/fleet_msgs/msg/detail/robot_intent__rosidl_typesupport_introspection_c.h\n'}
[22.537705] (fleet_msgs) StdoutLine: {'line': b'-- Installing: /home/aditi/amr_ws/install/fleet_msgs/include/fleet_msgs/fleet_msgs/msg/detail/task_bid__rosidl_typesupport_introspection_c.h\n'}
[22.538020] (fleet_msgs) StdoutLine: {'line': b'-- Installing: /home/aditi/amr_ws/install/fleet_msgs/include/fleet_msgs/fleet_msgs/msg/detail/robot_state__rosidl_typesupport_introspection_c.h\n'}
[22.538244] (fleet_msgs) StdoutLine: {'line': b'-- Installing: /home/aditi/amr_ws/install/fleet_msgs/include/fleet_msgs/fleet_msgs/msg/detail/task_announcement__rosidl_typesupport_introspection_c.h\n'}
[22.538909] (fleet_msgs) StdoutLine: {'line': b'-- Installing: /home/aditi/amr_ws/install/fleet_msgs/include/fleet_msgs/fleet_msgs/msg/detail/heartbeat__type_support.c\n'}
[22.539368] (fleet_msgs) StdoutLine: {'line': b'-- Installing: /home/aditi/amr_ws/install/fleet_msgs/include/fleet_msgs/fleet_msgs/msg/detail/robot_intent__type_support.c\n'}
[22.539676] (fleet_msgs) StdoutLine: {'line': b'-- Installing: /home/aditi/amr_ws/install/fleet_msgs/include/fleet_msgs/fleet_msgs/msg/detail/task_bid__type_support.c\n'}
[22.540309] (fleet_msgs) StdoutLine: {'line': b'-- Installing: /home/aditi/amr_ws/install/fleet_msgs/include/fleet_msgs/fleet_msgs/msg/detail/heartbeat__rosidl_typesupport_introspection_c.h\n'}
[22.540534] (fleet_msgs) StdoutLine: {'line': b'-- Installing: /home/aditi/amr_ws/install/fleet_msgs/include/fleet_msgs/fleet_msgs/msg/detail/task_announcement__type_support.c\n'}
[22.540732] (fleet_msgs) StdoutLine: {'line': b'-- Installing: /home/aditi/amr_ws/install/fleet_msgs/lib/libfleet_msgs__rosidl_typesupport_introspection_c.so\n'}
[22.541132] (fleet_msgs) StdoutLine: {'line': b'-- Set non-toolchain portion of runtime path of "/home/aditi/amr_ws/install/fleet_msgs/lib/libfleet_msgs__rosidl_typesupport_introspection_c.so" to ""\n'}
[22.541646] (fleet_msgs) StdoutLine: {'line': b'-- Installing: /home/aditi/amr_ws/install/fleet_msgs/lib/libfleet_msgs__rosidl_typesupport_c.so\n'}
[22.542788] (fleet_msgs) StdoutLine: {'line': b'-- Set non-toolchain portion of runtime path of "/home/aditi/amr_ws/install/fleet_msgs/lib/libfleet_msgs__rosidl_typesupport_c.so" to ""\n'}
[22.543761] (fleet_msgs) StdoutLine: {'line': b'-- Up-to-date: /home/aditi/amr_ws/install/fleet_msgs/include/fleet_msgs/fleet_msgs\n'}
[22.544538] (fleet_msgs) StdoutLine: {'line': b'-- Up-to-date: /home/aditi/amr_ws/install/fleet_msgs/include/fleet_msgs/fleet_msgs/msg\n'}
[22.545034] (fleet_msgs) StdoutLine: {'line': b'-- Installing: /home/aditi/amr_ws/install/fleet_msgs/include/fleet_msgs/fleet_msgs/msg/robot_intent.hpp\n'}
[22.545558] (fleet_msgs) StdoutLine: {'line': b'-- Installing: /home/aditi/amr_ws/install/fleet_msgs/include/fleet_msgs/fleet_msgs/msg/task_bid.hpp\n'}
[22.546125] (fleet_msgs) StdoutLine: {'line': b'-- Installing: /home/aditi/amr_ws/install/fleet_msgs/include/fleet_msgs/fleet_msgs/msg/rosidl_generator_cpp__visibility_control.hpp\n'}
[22.546781] (fleet_msgs) StdoutLine: {'line': b'-- Installing: /home/aditi/amr_ws/install/fleet_msgs/include/fleet_msgs/fleet_msgs/msg/robot_state.hpp\n'}
[22.547158] (fleet_msgs) StdoutLine: {'line': b'-- Installing: /home/aditi/amr_ws/install/fleet_msgs/include/fleet_msgs/fleet_msgs/msg/resource_claim.hpp\n'}
[22.547696] (fleet_msgs) StdoutLine: {'line': b'-- Installing: /home/aditi/amr_ws/install/fleet_msgs/include/fleet_msgs/fleet_msgs/msg/task_announcement.hpp\n'}
[22.547929] (fleet_msgs) StdoutLine: {'line': b'-- Installing: /home/aditi/amr_ws/install/fleet_msgs/include/fleet_msgs/fleet_msgs/msg/heartbeat.hpp\n'}
[22.548422] (fleet_msgs) StdoutLine: {'line': b'-- Up-to-date: /home/aditi/amr_ws/install/fleet_msgs/include/fleet_msgs/fleet_msgs/msg/detail\n'}
[22.548634] (fleet_msgs) StdoutLine: {'line': b'-- Installing: /home/aditi/amr_ws/install/fleet_msgs/include/fleet_msgs/fleet_msgs/msg/detail/task_announcement__struct.hpp\n'}
[22.549014] (fleet_msgs) StdoutLine: {'line': b'-- Installing: /home/aditi/amr_ws/install/fleet_msgs/include/fleet_msgs/fleet_msgs/msg/detail/robot_state__type_support.hpp\n'}
[22.549218] (fleet_msgs) StdoutLine: {'line': b'-- Installing: /home/aditi/amr_ws/install/fleet_msgs/include/fleet_msgs/fleet_msgs/msg/detail/task_announcement__traits.hpp\n'}
[22.549406] (fleet_msgs) StdoutLine: {'line': b'-- Installing: /home/aditi/amr_ws/install/fleet_msgs/include/fleet_msgs/fleet_msgs/msg/detail/task_announcement__builder.hpp\n'}
[22.549696] (fleet_msgs) StdoutLine: {'line': b'-- Installing: /home/aditi/amr_ws/install/fleet_msgs/include/fleet_msgs/fleet_msgs/msg/detail/resource_claim__type_support.hpp\n'}
[22.550079] (fleet_msgs) StdoutLine: {'line': b'-- Installing: /home/aditi/amr_ws/install/fleet_msgs/include/fleet_msgs/fleet_msgs/msg/detail/robot_intent__traits.hpp\n'}
[22.550631] (fleet_msgs) StdoutLine: {'line': b'-- Installing: /home/aditi/amr_ws/install/fleet_msgs/include/fleet_msgs/fleet_msgs/msg/detail/heartbeat__struct.hpp\n'}
[22.551180] (fleet_msgs) StdoutLine: {'line': b'-- Installing: /home/aditi/amr_ws/install/fleet_msgs/include/fleet_msgs/fleet_msgs/msg/detail/resource_claim__struct.hpp\n'}
[22.551543] (fleet_msgs) StdoutLine: {'line': b'-- Installing: /home/aditi/amr_ws/install/fleet_msgs/include/fleet_msgs/fleet_msgs/msg/detail/robot_intent__builder.hpp\n'}
[22.551946] (fleet_msgs) StdoutLine: {'line': b'-- Installing: /home/aditi/amr_ws/install/fleet_msgs/include/fleet_msgs/fleet_msgs/msg/detail/heartbeat__type_support.hpp\n'}
[22.552414] (fleet_msgs) StdoutLine: {'line': b'-- Installing: /home/aditi/amr_ws/install/fleet_msgs/include/fleet_msgs/fleet_msgs/msg/detail/resource_claim__builder.hpp\n'}
[22.552821] (fleet_msgs) StdoutLine: {'line': b'-- Installing: /home/aditi/amr_ws/install/fleet_msgs/include/fleet_msgs/fleet_msgs/msg/detail/robot_state__struct.hpp\n'}
[22.553286] (fleet_msgs) StdoutLine: {'line': b'-- Installing: /home/aditi/amr_ws/install/fleet_msgs/include/fleet_msgs/fleet_msgs/msg/detail/robot_intent__struct.hpp\n'}
[22.553795] (fleet_msgs) StdoutLine: {'line': b'-- Installing: /home/aditi/amr_ws/install/fleet_msgs/include/fleet_msgs/fleet_msgs/msg/detail/task_bid__builder.hpp\n'}
[22.554327] (fleet_msgs) StdoutLine: {'line': b'-- Installing: /home/aditi/amr_ws/install/fleet_msgs/include/fleet_msgs/fleet_msgs/msg/detail/resource_claim__traits.hpp\n'}
[22.554912] (fleet_msgs) StdoutLine: {'line': b'-- Installing: /home/aditi/amr_ws/install/fleet_msgs/include/fleet_msgs/fleet_msgs/msg/detail/robot_state__builder.hpp\n'}
[22.555362] (fleet_msgs) StdoutLine: {'line': b'-- Installing: /home/aditi/amr_ws/install/fleet_msgs/include/fleet_msgs/fleet_msgs/msg/detail/robot_intent__type_support.hpp\n'}
[22.556153] (fleet_msgs) StdoutLine: {'line': b'-- Installing: /home/aditi/amr_ws/install/fleet_msgs/include/fleet_msgs/fleet_msgs/msg/detail/task_bid__struct.hpp\n'}
[22.556825] (fleet_msgs) StdoutLine: {'line': b'-- Installing: /home/aditi/amr_ws/install/fleet_msgs/include/fleet_msgs/fleet_msgs/msg/detail/task_announcement__type_support.hpp\n'}
[22.557520] (fleet_msgs) StdoutLine: {'line': b'-- Installing: /home/aditi/amr_ws/install/fleet_msgs/include/fleet_msgs/fleet_msgs/msg/detail/task_bid__type_support.hpp\n'}
[22.558003] (fleet_msgs) StdoutLine: {'line': b'-- Installing: /home/aditi/amr_ws/install/fleet_msgs/include/fleet_msgs/fleet_msgs/msg/detail/heartbeat__traits.hpp\n'}
[22.558470] (fleet_msgs) StdoutLine: {'line': b'-- Installing: /home/aditi/amr_ws/install/fleet_msgs/include/fleet_msgs/fleet_msgs/msg/detail/robot_state__traits.hpp\n'}
[22.559292] (fleet_msgs) StdoutLine: {'line': b'-- Installing: /home/aditi/amr_ws/install/fleet_msgs/include/fleet_msgs/fleet_msgs/msg/detail/heartbeat__builder.hpp\n'}
[22.559986] (fleet_msgs) StdoutLine: {'line': b'-- Installing: /home/aditi/amr_ws/install/fleet_msgs/include/fleet_msgs/fleet_msgs/msg/detail/task_bid__traits.hpp\n'}
[22.560682] (fleet_msgs) StdoutLine: {'line': b'-- Up-to-date: /home/aditi/amr_ws/install/fleet_msgs/include/fleet_msgs/fleet_msgs\n'}
[22.561230] (fleet_msgs) StdoutLine: {'line': b'-- Up-to-date: /home/aditi/amr_ws/install/fleet_msgs/include/fleet_msgs/fleet_msgs/msg\n'}
[22.561790] (fleet_msgs) StdoutLine: {'line': b'-- Up-to-date: /home/aditi/amr_ws/install/fleet_msgs/include/fleet_msgs/fleet_msgs/msg/rosidl_typesupport_fastrtps_cpp__visibility_control.h\n'}
[22.562110] (fleet_msgs) StdoutLine: {'line': b'-- Up-to-date: /home/aditi/amr_ws/install/fleet_msgs/include/fleet_msgs/fleet_msgs/msg/detail\n'}
[22.562224] (fleet_msgs) StdoutLine: {'line': b'-- Up-to-date: /home/aditi/amr_ws/install/fleet_msgs/include/fleet_msgs/fleet_msgs/msg/detail/dds_fastrtps\n'}
[22.562520] (fleet_msgs) StdoutLine: {'line': b'-- Installing: /home/aditi/amr_ws/install/fleet_msgs/include/fleet_msgs/fleet_msgs/msg/detail/resource_claim__rosidl_typesupport_fastrtps_cpp.hpp\n'}
[22.563069] (fleet_msgs) StdoutLine: {'line': b'-- Installing: /home/aditi/amr_ws/install/fleet_msgs/include/fleet_msgs/fleet_msgs/msg/detail/task_announcement__rosidl_typesupport_fastrtps_cpp.hpp\n'}
[22.563311] (fleet_msgs) StdoutLine: {'line': b'-- Installing: /home/aditi/amr_ws/install/fleet_msgs/include/fleet_msgs/fleet_msgs/msg/detail/robot_intent__rosidl_typesupport_fastrtps_cpp.hpp\n'}
[22.563619] (fleet_msgs) StdoutLine: {'line': b'-- Installing: /home/aditi/amr_ws/install/fleet_msgs/include/fleet_msgs/fleet_msgs/msg/detail/heartbeat__rosidl_typesupport_fastrtps_cpp.hpp\n'}
[22.563983] (fleet_msgs) StdoutLine: {'line': b'-- Installing: /home/aditi/amr_ws/install/fleet_msgs/include/fleet_msgs/fleet_msgs/msg/detail/robot_state__rosidl_typesupport_fastrtps_cpp.hpp\n'}
[22.564232] (fleet_msgs) StdoutLine: {'line': b'-- Installing: /home/aditi/amr_ws/install/fleet_msgs/include/fleet_msgs/fleet_msgs/msg/detail/task_bid__rosidl_typesupport_fastrtps_cpp.hpp\n'}
[22.564703] (fleet_msgs) StdoutLine: {'line': b'-- Installing: /home/aditi/amr_ws/install/fleet_msgs/lib/libfleet_msgs__rosidl_typesupport_fastrtps_cpp.so\n'}
[22.565706] (fleet_msgs) StdoutLine: {'line': b'-- Set non-toolchain portion of runtime path of "/home/aditi/amr_ws/install/fleet_msgs/lib/libfleet_msgs__rosidl_typesupport_fastrtps_cpp.so" to ""\n'}
[22.566028] (fleet_msgs) StdoutLine: {'line': b'-- Up-to-date: /home/aditi/amr_ws/install/fleet_msgs/include/fleet_msgs/fleet_msgs\n'}
[22.566409] (fleet_msgs) StdoutLine: {'line': b'-- Up-to-date: /home/aditi/amr_ws/install/fleet_msgs/include/fleet_msgs/fleet_msgs/msg\n'}
[22.566603] (fleet_msgs) StdoutLine: {'line': b'-- Up-to-date: /home/aditi/amr_ws/install/fleet_msgs/include/fleet_msgs/fleet_msgs/msg/detail\n'}
[22.567055] (fleet_msgs) StdoutLine: {'line': b'-- Installing: /home/aditi/amr_ws/install/fleet_msgs/include/fleet_msgs/fleet_msgs/msg/detail/resource_claim__type_support.cpp\n'}
[22.567454] (fleet_msgs) StdoutLine: {'line': b'-- Installing: /home/aditi/amr_ws/install/fleet_msgs/include/fleet_msgs/fleet_msgs/msg/detail/robot_state__type_support.cpp\n'}
[22.567796] (fleet_msgs) StdoutLine: {'line': b'-- Installing: /home/aditi/amr_ws/install/fleet_msgs/include/fleet_msgs/fleet_msgs/msg/detail/task_bid__type_support.cpp\n'}
[22.567942] (fleet_msgs) StdoutLine: {'line': b'-- Installing: /home/aditi/amr_ws/install/fleet_msgs/include/fleet_msgs/fleet_msgs/msg/detail/task_bid__rosidl_typesupport_introspection_cpp.hpp\n'}
[22.568427] (fleet_msgs) StdoutLine: {'line': b'-- Installing: /home/aditi/amr_ws/install/fleet_msgs/include/fleet_msgs/fleet_msgs/msg/detail/robot_state__rosidl_typesupport_introspection_cpp.hpp\n'}
[22.568659] (fleet_msgs) StdoutLine: {'line': b'-- Installing: /home/aditi/amr_ws/install/fleet_msgs/include/fleet_msgs/fleet_msgs/msg/detail/task_announcement__type_support.cpp\n'}
[22.568941] (fleet_msgs) StdoutLine: {'line': b'-- Installing: /home/aditi/amr_ws/install/fleet_msgs/include/fleet_msgs/fleet_msgs/msg/detail/heartbeat__rosidl_typesupport_introspection_cpp.hpp\n'}
[22.569501] (fleet_msgs) StdoutLine: {'line': b'-- Installing: /home/aditi/amr_ws/install/fleet_msgs/include/fleet_msgs/fleet_msgs/msg/detail/heartbeat__type_support.cpp\n'}
[22.569940] (fleet_msgs) StdoutLine: {'line': b'-- Installing: /home/aditi/amr_ws/install/fleet_msgs/include/fleet_msgs/fleet_msgs/msg/detail/robot_intent__rosidl_typesupport_introspection_cpp.hpp\n'}
[22.570361] (fleet_msgs) StdoutLine: {'line': b'-- Installing: /home/aditi/amr_ws/install/fleet_msgs/include/fleet_msgs/fleet_msgs/msg/detail/resource_claim__rosidl_typesupport_introspection_cpp.hpp\n'}
[22.570892] (fleet_msgs) StdoutLine: {'line': b'-- Installing: /home/aditi/amr_ws/install/fleet_msgs/include/fleet_msgs/fleet_msgs/msg/detail/task_announcement__rosidl_typesupport_introspection_cpp.hpp\n'}
[22.571242] (fleet_msgs) StdoutLine: {'line': b'-- Installing: /home/aditi/amr_ws/install/fleet_msgs/include/fleet_msgs/fleet_msgs/msg/detail/robot_intent__type_support.cpp\n'}
[22.572102] (fleet_msgs) StdoutLine: {'line': b'-- Installing: /home/aditi/amr_ws/install/fleet_msgs/lib/libfleet_msgs__rosidl_typesupport_introspection_cpp.so\n'}
[22.573045] (-) TimerEvent: {}
[22.573743] (fleet_msgs) StdoutLine: {'line': b'-- Set non-toolchain portion of runtime path of "/home/aditi/amr_ws/install/fleet_msgs/lib/libfleet_msgs__rosidl_typesupport_introspection_cpp.so" to ""\n'}
[22.574381] (fleet_msgs) StdoutLine: {'line': b'-- Installing: /home/aditi/amr_ws/install/fleet_msgs/lib/libfleet_msgs__rosidl_typesupport_cpp.so\n'}
[22.575876] (fleet_msgs) StdoutLine: {'line': b'-- Set non-toolchain portion of runtime path of "/home/aditi/amr_ws/install/fleet_msgs/lib/libfleet_msgs__rosidl_typesupport_cpp.so" to ""\n'}
[22.576596] (fleet_msgs) StdoutLine: {'line': b'-- Up-to-date: /home/aditi/amr_ws/install/fleet_msgs/share/fleet_msgs/environment/pythonpath.sh\n'}
[22.577032] (fleet_msgs) StdoutLine: {'line': b'-- Up-to-date: /home/aditi/amr_ws/install/fleet_msgs/share/fleet_msgs/environment/pythonpath.dsv\n'}
[22.577420] (fleet_msgs) StdoutLine: {'line': b'-- Installing: /home/aditi/amr_ws/install/fleet_msgs/lib/python3.14/site-packages/fleet_msgs/fleet_msgs_s__rosidl_typesupport_fastrtps_c.so\n'}
[22.578079] (fleet_msgs) StdoutLine: {'line': b'-- Set non-toolchain portion of runtime path of "/home/aditi/amr_ws/install/fleet_msgs/lib/python3.14/site-packages/fleet_msgs/fleet_msgs_s__rosidl_typesupport_fastrtps_c.so" to ""\n'}
[22.578750] (fleet_msgs) StdoutLine: {'line': b'-- Installing: /home/aditi/amr_ws/install/fleet_msgs/lib/python3.14/site-packages/fleet_msgs/fleet_msgs_s__rosidl_typesupport_introspection_c.so\n'}
[22.579878] (fleet_msgs) StdoutLine: {'line': b'-- Set non-toolchain portion of runtime path of "/home/aditi/amr_ws/install/fleet_msgs/lib/python3.14/site-packages/fleet_msgs/fleet_msgs_s__rosidl_typesupport_introspection_c.so" to ""\n'}
[22.580275] (fleet_msgs) StdoutLine: {'line': b'-- Installing: /home/aditi/amr_ws/install/fleet_msgs/lib/python3.14/site-packages/fleet_msgs/fleet_msgs_s__rosidl_typesupport_c.so\n'}
[22.581003] (fleet_msgs) StdoutLine: {'line': b'-- Set non-toolchain portion of runtime path of "/home/aditi/amr_ws/install/fleet_msgs/lib/python3.14/site-packages/fleet_msgs/fleet_msgs_s__rosidl_typesupport_c.so" to ""\n'}
[22.581445] (fleet_msgs) StdoutLine: {'line': b'-- Installing: /home/aditi/amr_ws/install/fleet_msgs/lib/libfleet_msgs__rosidl_generator_py.so\n'}
[22.583132] (fleet_msgs) StdoutLine: {'line': b'-- Set non-toolchain portion of runtime path of "/home/aditi/amr_ws/install/fleet_msgs/lib/libfleet_msgs__rosidl_generator_py.so" to ""\n'}
[22.583611] (fleet_msgs) StdoutLine: {'line': b'-- Up-to-date: /home/aditi/amr_ws/install/fleet_msgs/share/fleet_msgs/rust\n'}
[22.583825] (fleet_msgs) StdoutLine: {'line': b'-- Up-to-date: /home/aditi/amr_ws/install/fleet_msgs/share/fleet_msgs/rust/src\n'}
[22.584015] (fleet_msgs) StdoutLine: {'line': b'-- Installing: /home/aditi/amr_ws/install/fleet_msgs/share/fleet_msgs/rust/src/lib.rs\n'}
[22.584576] (fleet_msgs) StdoutLine: {'line': b'-- Installing: /home/aditi/amr_ws/install/fleet_msgs/share/fleet_msgs/rust/src/msg.rs\n'}
[22.585028] (fleet_msgs) StdoutLine: {'line': b'-- Up-to-date: /home/aditi/amr_ws/install/fleet_msgs/share/fleet_msgs/rust/src/msg\n'}
[22.585600] (fleet_msgs) StdoutLine: {'line': b'-- Installing: /home/aditi/amr_ws/install/fleet_msgs/share/fleet_msgs/rust/src/msg/rmw.rs\n'}
[22.585949] (fleet_msgs) StdoutLine: {'line': b'-- Installing: /home/aditi/amr_ws/install/fleet_msgs/share/fleet_msgs/rust/Cargo.toml\n'}
[22.586175] (fleet_msgs) StdoutLine: {'line': b'-- Installing: /home/aditi/amr_ws/install/fleet_msgs/share/fleet_msgs/rust/build.rs\n'}
[22.586536] (fleet_msgs) StdoutLine: {'line': b'-- Up-to-date: /home/aditi/amr_ws/install/fleet_msgs/share/fleet_msgs/msg/RobotState.idl\n'}
[22.587150] (fleet_msgs) StdoutLine: {'line': b'-- Up-to-date: /home/aditi/amr_ws/install/fleet_msgs/share/fleet_msgs/msg/RobotIntent.idl\n'}
[22.587559] (fleet_msgs) StdoutLine: {'line': b'-- Installing: /home/aditi/amr_ws/install/fleet_msgs/share/fleet_msgs/msg/ResourceClaim.idl\n'}
[22.588132] (fleet_msgs) StdoutLine: {'line': b'-- Up-to-date: /home/aditi/amr_ws/install/fleet_msgs/share/fleet_msgs/msg/TaskAnnouncement.idl\n'}
[22.588780] (fleet_msgs) StdoutLine: {'line': b'-- Up-to-date: /home/aditi/amr_ws/install/fleet_msgs/share/fleet_msgs/msg/TaskBid.idl\n'}
[22.589064] (fleet_msgs) StdoutLine: {'line': b'-- Up-to-date: /home/aditi/amr_ws/install/fleet_msgs/share/fleet_msgs/msg/Heartbeat.idl\n'}
[22.589570] (fleet_msgs) StdoutLine: {'line': b'-- Up-to-date: /home/aditi/amr_ws/install/fleet_msgs/share/fleet_msgs/msg/RobotState.msg\n'}
[22.590178] (fleet_msgs) StdoutLine: {'line': b'-- Up-to-date: /home/aditi/amr_ws/install/fleet_msgs/share/fleet_msgs/msg/RobotIntent.msg\n'}
[22.590785] (fleet_msgs) StdoutLine: {'line': b'-- Installing: /home/aditi/amr_ws/install/fleet_msgs/share/fleet_msgs/msg/ResourceClaim.msg\n'}
[22.591176] (fleet_msgs) StdoutLine: {'line': b'-- Up-to-date: /home/aditi/amr_ws/install/fleet_msgs/share/fleet_msgs/msg/TaskAnnouncement.msg\n'}
[22.591381] (fleet_msgs) StdoutLine: {'line': b'-- Up-to-date: /home/aditi/amr_ws/install/fleet_msgs/share/fleet_msgs/msg/TaskBid.msg\n'}
[22.591674] (fleet_msgs) StdoutLine: {'line': b'-- Up-to-date: /home/aditi/amr_ws/install/fleet_msgs/share/fleet_msgs/msg/Heartbeat.msg\n'}
[22.591932] (fleet_msgs) StdoutLine: {'line': b'-- Up-to-date: /home/aditi/amr_ws/install/fleet_msgs/share/ament_index/resource_index/package_run_dependencies/fleet_msgs\n'}
[22.592369] (fleet_msgs) StdoutLine: {'line': b'-- Up-to-date: /home/aditi/amr_ws/install/fleet_msgs/share/ament_index/resource_index/parent_prefix_path/fleet_msgs\n'}
[22.592937] (fleet_msgs) StdoutLine: {'line': b'-- Up-to-date: /home/aditi/amr_ws/install/fleet_msgs/share/fleet_msgs/environment/ament_prefix_path.sh\n'}
[22.593437] (fleet_msgs) StdoutLine: {'line': b'-- Up-to-date: /home/aditi/amr_ws/install/fleet_msgs/share/fleet_msgs/environment/ament_prefix_path.dsv\n'}
[22.593650] (fleet_msgs) StdoutLine: {'line': b'-- Up-to-date: /home/aditi/amr_ws/install/fleet_msgs/share/fleet_msgs/environment/path.sh\n'}
[22.593836] (fleet_msgs) StdoutLine: {'line': b'-- Up-to-date: /home/aditi/amr_ws/install/fleet_msgs/share/fleet_msgs/environment/path.dsv\n'}
[22.594366] (fleet_msgs) StdoutLine: {'line': b'-- Up-to-date: /home/aditi/amr_ws/install/fleet_msgs/share/fleet_msgs/local_setup.bash\n'}
[22.594882] (fleet_msgs) StdoutLine: {'line': b'-- Up-to-date: /home/aditi/amr_ws/install/fleet_msgs/share/fleet_msgs/local_setup.fish\n'}
[22.595302] (fleet_msgs) StdoutLine: {'line': b'-- Up-to-date: /home/aditi/amr_ws/install/fleet_msgs/share/fleet_msgs/local_setup.sh\n'}
[22.595689] (fleet_msgs) StdoutLine: {'line': b'-- Up-to-date: /home/aditi/amr_ws/install/fleet_msgs/share/fleet_msgs/local_setup.zsh\n'}
[22.596094] (fleet_msgs) StdoutLine: {'line': b'-- Up-to-date: /home/aditi/amr_ws/install/fleet_msgs/share/fleet_msgs/local_setup.dsv\n'}
[22.596586] (fleet_msgs) StdoutLine: {'line': b'-- Installing: /home/aditi/amr_ws/install/fleet_msgs/share/fleet_msgs/package.dsv\n'}
[22.596963] (fleet_msgs) StdoutLine: {'line': b'-- Up-to-date: /home/aditi/amr_ws/install/fleet_msgs/share/ament_index/resource_index/packages/fleet_msgs\n'}
[22.597284] (fleet_msgs) StdoutLine: {'line': b'-- Up-to-date: /home/aditi/amr_ws/install/fleet_msgs/share/fleet_msgs/cmake/export_fleet_msgs__rosidl_generator_cExport.cmake\n'}
[22.597577] (fleet_msgs) StdoutLine: {'line': b'-- Up-to-date: /home/aditi/amr_ws/install/fleet_msgs/share/fleet_msgs/cmake/export_fleet_msgs__rosidl_generator_cExport-noconfig.cmake\n'}
[22.598014] (fleet_msgs) StdoutLine: {'line': b'-- Up-to-date: /home/aditi/amr_ws/install/fleet_msgs/share/fleet_msgs/cmake/export_fleet_msgs__rosidl_typesupport_fastrtps_cExport.cmake\n'}
[22.598556] (fleet_msgs) StdoutLine: {'line': b'-- Up-to-date: /home/aditi/amr_ws/install/fleet_msgs/share/fleet_msgs/cmake/export_fleet_msgs__rosidl_typesupport_fastrtps_cExport-noconfig.cmake\n'}
[22.599047] (fleet_msgs) StdoutLine: {'line': b'-- Up-to-date: /home/aditi/amr_ws/install/fleet_msgs/share/fleet_msgs/cmake/fleet_msgs__rosidl_typesupport_introspection_cExport.cmake\n'}
[22.599355] (fleet_msgs) StdoutLine: {'line': b'-- Up-to-date: /home/aditi/amr_ws/install/fleet_msgs/share/fleet_msgs/cmake/fleet_msgs__rosidl_typesupport_introspection_cExport-noconfig.cmake\n'}
[22.599563] (fleet_msgs) StdoutLine: {'line': b'-- Up-to-date: /home/aditi/amr_ws/install/fleet_msgs/share/fleet_msgs/cmake/fleet_msgs__rosidl_typesupport_cExport.cmake\n'}
[22.599886] (fleet_msgs) StdoutLine: {'line': b'-- Up-to-date: /home/aditi/amr_ws/install/fleet_msgs/share/fleet_msgs/cmake/fleet_msgs__rosidl_typesupport_cExport-noconfig.cmake\n'}
[22.600249] (fleet_msgs) StdoutLine: {'line': b'-- Up-to-date: /home/aditi/amr_ws/install/fleet_msgs/share/fleet_msgs/cmake/export_fleet_msgs__rosidl_generator_cppExport.cmake\n'}
[22.600938] (fleet_msgs) StdoutLine: {'line': b'-- Up-to-date: /home/aditi/amr_ws/install/fleet_msgs/share/fleet_msgs/cmake/export_fleet_msgs__rosidl_typesupport_fastrtps_cppExport.cmake\n'}
[22.601352] (fleet_msgs) StdoutLine: {'line': b'-- Up-to-date: /home/aditi/amr_ws/install/fleet_msgs/share/fleet_msgs/cmake/export_fleet_msgs__rosidl_typesupport_fastrtps_cppExport-noconfig.cmake\n'}
[22.601776] (fleet_msgs) StdoutLine: {'line': b'-- Up-to-date: /home/aditi/amr_ws/install/fleet_msgs/share/fleet_msgs/cmake/fleet_msgs__rosidl_typesupport_introspection_cppExport.cmake\n'}
[22.602278] (fleet_msgs) StdoutLine: {'line': b'-- Up-to-date: /home/aditi/amr_ws/install/fleet_msgs/share/fleet_msgs/cmake/fleet_msgs__rosidl_typesupport_introspection_cppExport-noconfig.cmake\n'}
[22.602455] (fleet_msgs) StdoutLine: {'line': b'-- Up-to-date: /home/aditi/amr_ws/install/fleet_msgs/share/fleet_msgs/cmake/fleet_msgs__rosidl_typesupport_cppExport.cmake\n'}
[22.602920] (fleet_msgs) StdoutLine: {'line': b'-- Up-to-date: /home/aditi/amr_ws/install/fleet_msgs/share/fleet_msgs/cmake/fleet_msgs__rosidl_typesupport_cppExport-noconfig.cmake\n'}
[22.603116] (fleet_msgs) StdoutLine: {'line': b'-- Up-to-date: /home/aditi/amr_ws/install/fleet_msgs/share/fleet_msgs/cmake/export_fleet_msgs__rosidl_generator_pyExport.cmake\n'}
[22.603580] (fleet_msgs) StdoutLine: {'line': b'-- Up-to-date: /home/aditi/amr_ws/install/fleet_msgs/share/fleet_msgs/cmake/export_fleet_msgs__rosidl_generator_pyExport-noconfig.cmake\n'}
[22.603724] (fleet_msgs) StdoutLine: {'line': b'-- Up-to-date: /home/aditi/amr_ws/install/fleet_msgs/lib/python3.14/site-packages/fleet_msgs-0.0.0-py3.14.egg-info\n'}
[22.603823] (fleet_msgs) StdoutLine: {'line': b'-- Installing: /home/aditi/amr_ws/install/fleet_msgs/lib/python3.14/site-packages/fleet_msgs-0.0.0-py3.14.egg-info/top_level.txt\n'}
[22.603942] (fleet_msgs) StdoutLine: {'line': b'-- Installing: /home/aditi/amr_ws/install/fleet_msgs/lib/python3.14/site-packages/fleet_msgs-0.0.0-py3.14.egg-info/dependency_links.txt\n'}
[22.604473] (fleet_msgs) StdoutLine: {'line': b'-- Installing: /home/aditi/amr_ws/install/fleet_msgs/lib/python3.14/site-packages/fleet_msgs-0.0.0-py3.14.egg-info/PKG-INFO\n'}
[22.604624] (fleet_msgs) StdoutLine: {'line': b'-- Installing: /home/aditi/amr_ws/install/fleet_msgs/lib/python3.14/site-packages/fleet_msgs-0.0.0-py3.14.egg-info/SOURCES.txt\n'}
[22.605262] (fleet_msgs) StdoutLine: {'line': b'-- Up-to-date: /home/aditi/amr_ws/install/fleet_msgs/lib/python3.14/site-packages/fleet_msgs\n'}
[22.605578] (fleet_msgs) StdoutLine: {'line': b'-- Up-to-date: /home/aditi/amr_ws/install/fleet_msgs/lib/python3.14/site-packages/fleet_msgs/fleet_msgs_s__rosidl_typesupport_introspection_c.so\n'}
[22.605783] (fleet_msgs) StdoutLine: {'line': b'-- Up-to-date: /home/aditi/amr_ws/install/fleet_msgs/lib/python3.14/site-packages/fleet_msgs/fleet_msgs_s__rosidl_typesupport_c.so\n'}
[22.606043] (fleet_msgs) StdoutLine: {'line': b'-- Installing: /home/aditi/amr_ws/install/fleet_msgs/lib/python3.14/site-packages/fleet_msgs/__init__.py\n'}
[22.606242] (fleet_msgs) StdoutLine: {'line': b'-- Installing: /home/aditi/amr_ws/install/fleet_msgs/lib/python3.14/site-packages/fleet_msgs/py.typed\n'}
[22.606466] (fleet_msgs) StdoutLine: {'line': b'-- Up-to-date: /home/aditi/amr_ws/install/fleet_msgs/lib/python3.14/site-packages/fleet_msgs/fleet_msgs_s__rosidl_typesupport_fastrtps_c.so\n'}
[22.607006] (fleet_msgs) StdoutLine: {'line': b'-- Installing: /home/aditi/amr_ws/install/fleet_msgs/lib/python3.14/site-packages/fleet_msgs/_fleet_msgs_s.ep.rosidl_typesupport_fastrtps_c.c\n'}
[22.607221] (fleet_msgs) StdoutLine: {'line': b'-- Installing: /home/aditi/amr_ws/install/fleet_msgs/lib/python3.14/site-packages/fleet_msgs/_fleet_msgs_s.ep.rosidl_typesupport_introspection_c.c\n'}
[22.607430] (fleet_msgs) StdoutLine: {'line': b'-- Up-to-date: /home/aditi/amr_ws/install/fleet_msgs/lib/python3.14/site-packages/fleet_msgs/msg\n'}
[22.607639] (fleet_msgs) StdoutLine: {'line': b'-- Installing: /home/aditi/amr_ws/install/fleet_msgs/lib/python3.14/site-packages/fleet_msgs/msg/_robot_state_s.c\n'}
[22.608216] (fleet_msgs) StdoutLine: {'line': b'-- Installing: /home/aditi/amr_ws/install/fleet_msgs/lib/python3.14/site-packages/fleet_msgs/msg/_task_bid.py\n'}
[22.608537] (fleet_msgs) StdoutLine: {'line': b'-- Installing: /home/aditi/amr_ws/install/fleet_msgs/lib/python3.14/site-packages/fleet_msgs/msg/_robot_state.py\n'}
[22.608816] (fleet_msgs) StdoutLine: {'line': b'-- Installing: /home/aditi/amr_ws/install/fleet_msgs/lib/python3.14/site-packages/fleet_msgs/msg/_robot_intent.py\n'}
[22.609010] (fleet_msgs) StdoutLine: {'line': b'-- Installing: /home/aditi/amr_ws/install/fleet_msgs/lib/python3.14/site-packages/fleet_msgs/msg/__init__.py\n'}
[22.609352] (fleet_msgs) StdoutLine: {'line': b'-- Installing: /home/aditi/amr_ws/install/fleet_msgs/lib/python3.14/site-packages/fleet_msgs/msg/_heartbeat_s.c\n'}
[22.609637] (fleet_msgs) StdoutLine: {'line': b'-- Installing: /home/aditi/amr_ws/install/fleet_msgs/lib/python3.14/site-packages/fleet_msgs/msg/_resource_claim_s.c\n'}
[22.610082] (fleet_msgs) StdoutLine: {'line': b'-- Installing: /home/aditi/amr_ws/install/fleet_msgs/lib/python3.14/site-packages/fleet_msgs/msg/_task_announcement.py\n'}
[22.610300] (fleet_msgs) StdoutLine: {'line': b'-- Installing: /home/aditi/amr_ws/install/fleet_msgs/lib/python3.14/site-packages/fleet_msgs/msg/_task_announcement_s.c\n'}
[22.610477] (fleet_msgs) StdoutLine: {'line': b'-- Installing: /home/aditi/amr_ws/install/fleet_msgs/lib/python3.14/site-packages/fleet_msgs/msg/_robot_intent_s.c\n'}
[22.611073] (fleet_msgs) StdoutLine: {'line': b'-- Installing: /home/aditi/amr_ws/install/fleet_msgs/lib/python3.14/site-packages/fleet_msgs/msg/_task_bid_s.c\n'}
[22.611402] (fleet_msgs) StdoutLine: {'line': b'-- Installing: /home/aditi/amr_ws/install/fleet_msgs/lib/python3.14/site-packages/fleet_msgs/msg/_resource_claim.py\n'}
[22.611829] (fleet_msgs) StdoutLine: {'line': b'-- Installing: /home/aditi/amr_ws/install/fleet_msgs/lib/python3.14/site-packages/fleet_msgs/msg/_heartbeat.py\n'}
[22.612207] (fleet_msgs) StdoutLine: {'line': b'-- Installing: /home/aditi/amr_ws/install/fleet_msgs/lib/python3.14/site-packages/fleet_msgs/_fleet_msgs_s.ep.rosidl_typesupport_c.c\n'}
[22.673255] (-) TimerEvent: {}
[22.744958] (fleet_msgs) StdoutLine: {'line': b"Listing '/home/aditi/amr_ws/install/fleet_msgs/lib/python3.14/site-packages/fleet_msgs'...\n"}
[22.745476] (fleet_msgs) StdoutLine: {'line': b"Compiling '/home/aditi/amr_ws/install/fleet_msgs/lib/python3.14/site-packages/fleet_msgs/__init__.py'...\n"}
[22.745991] (fleet_msgs) StdoutLine: {'line': b"Listing '/home/aditi/amr_ws/install/fleet_msgs/lib/python3.14/site-packages/fleet_msgs/msg'...\n"}
[22.746450] (fleet_msgs) StdoutLine: {'line': b"Compiling '/home/aditi/amr_ws/install/fleet_msgs/lib/python3.14/site-packages/fleet_msgs/msg/__init__.py'...\n"}
[22.746955] (fleet_msgs) StdoutLine: {'line': b"Compiling '/home/aditi/amr_ws/install/fleet_msgs/lib/python3.14/site-packages/fleet_msgs/msg/_heartbeat.py'...\n"}
[22.747189] (fleet_msgs) StdoutLine: {'line': b"Compiling '/home/aditi/amr_ws/install/fleet_msgs/lib/python3.14/site-packages/fleet_msgs/msg/_resource_claim.py'...\n"}
[22.747743] (fleet_msgs) StdoutLine: {'line': b"Compiling '/home/aditi/amr_ws/install/fleet_msgs/lib/python3.14/site-packages/fleet_msgs/msg/_robot_intent.py'...\n"}
[22.748202] (fleet_msgs) StdoutLine: {'line': b"Compiling '/home/aditi/amr_ws/install/fleet_msgs/lib/python3.14/site-packages/fleet_msgs/msg/_robot_state.py'...\n"}
[22.748560] (fleet_msgs) StdoutLine: {'line': b"Compiling '/home/aditi/amr_ws/install/fleet_msgs/lib/python3.14/site-packages/fleet_msgs/msg/_task_announcement.py'...\n"}
[22.749062] (fleet_msgs) StdoutLine: {'line': b"Compiling '/home/aditi/amr_ws/install/fleet_msgs/lib/python3.14/site-packages/fleet_msgs/msg/_task_bid.py'...\n"}
[22.767349] (fleet_msgs) StdoutLine: {'line': b'-- Up-to-date: /home/aditi/amr_ws/install/fleet_msgs/share/fleet_msgs/cmake/rosidl_cmake-extras.cmake\n'}
[22.768215] (fleet_msgs) StdoutLine: {'line': b'-- Up-to-date: /home/aditi/amr_ws/install/fleet_msgs/share/fleet_msgs/cmake/ament_cmake_export_include_directories-extras.cmake\n'}
[22.768698] (fleet_msgs) StdoutLine: {'line': b'-- Up-to-date: /home/aditi/amr_ws/install/fleet_msgs/share/fleet_msgs/cmake/ament_cmake_export_libraries-extras.cmake\n'}
[22.769262] (fleet_msgs) StdoutLine: {'line': b'-- Up-to-date: /home/aditi/amr_ws/install/fleet_msgs/share/fleet_msgs/cmake/ament_cmake_export_targets-extras.cmake\n'}
[22.769461] (fleet_msgs) StdoutLine: {'line': b'-- Up-to-date: /home/aditi/amr_ws/install/fleet_msgs/share/fleet_msgs/cmake/rosidl_cmake_export_typesupport_targets-extras.cmake\n'}
[22.769662] (fleet_msgs) StdoutLine: {'line': b'-- Up-to-date: /home/aditi/amr_ws/install/fleet_msgs/share/fleet_msgs/cmake/ament_cmake_export_dependencies-extras.cmake\n'}
[22.769778] (fleet_msgs) StdoutLine: {'line': b'-- Up-to-date: /home/aditi/amr_ws/install/fleet_msgs/share/fleet_msgs/cmake/rosidl_cmake_export_typesupport_libraries-extras.cmake\n'}
[22.769887] (fleet_msgs) StdoutLine: {'line': b'-- Up-to-date: /home/aditi/amr_ws/install/fleet_msgs/share/fleet_msgs/cmake/rosidl_cmake_aggregate_target-extras.cmake\n'}
[22.769996] (fleet_msgs) StdoutLine: {'line': b'-- Up-to-date: /home/aditi/amr_ws/install/fleet_msgs/share/fleet_msgs/cmake/fleet_msgsConfig.cmake\n'}
[22.770123] (fleet_msgs) StdoutLine: {'line': b'-- Up-to-date: /home/aditi/amr_ws/install/fleet_msgs/share/fleet_msgs/cmake/fleet_msgsConfig-version.cmake\n'}
[22.770309] (fleet_msgs) StdoutLine: {'line': b'-- Up-to-date: /home/aditi/amr_ws/install/fleet_msgs/share/fleet_msgs/package.xml\n'}
[22.773596] (-) TimerEvent: {}
[22.775697] (fleet_msgs) CommandEnded: {'returncode': 0}
[22.852975] (fleet_msgs) JobEnded: {'identifier': 'fleet_msgs', 'rc': 0}
[22.856832] (fleet_coordination) JobStarted: {'identifier': 'fleet_coordination'}
[22.874046] (-) TimerEvent: {}
[22.974761] (-) TimerEvent: {}
[23.075325] (-) TimerEvent: {}
[23.176174] (-) TimerEvent: {}
[23.277074] (-) TimerEvent: {}
[23.377933] (-) TimerEvent: {}
[23.478793] (-) TimerEvent: {}
[23.579739] (-) TimerEvent: {}
[23.680619] (-) TimerEvent: {}
[23.781387] (-) TimerEvent: {}
[23.884658] (-) TimerEvent: {}
[23.986296] (-) TimerEvent: {}
[24.086825] (-) TimerEvent: {}
[24.187415] (-) TimerEvent: {}
[24.288029] (-) TimerEvent: {}
[24.388796] (-) TimerEvent: {}
[24.489451] (-) TimerEvent: {}
[24.590017] (-) TimerEvent: {}
[24.690799] (-) TimerEvent: {}
[24.791565] (-) TimerEvent: {}
[24.892375] (-) TimerEvent: {}
[24.992992] (-) TimerEvent: {}
[25.093639] (-) TimerEvent: {}
[25.194294] (-) TimerEvent: {}
[25.295062] (-) TimerEvent: {}
[25.395559] (-) TimerEvent: {}
[25.496013] (-) TimerEvent: {}
[25.596566] (-) TimerEvent: {}
[25.634402] (fleet_coordination) Command: {'cmd': ['/usr/bin/python3', '-W', 'ignore:setup.py install is deprecated', '-W', 'ignore:easy_install command is deprecated', 'setup.py', 'egg_info', '--egg-base', '../../build/fleet_coordination', 'build', '--build-base', '/home/aditi/amr_ws/build/fleet_coordination/build', 'install', '--record', '/home/aditi/amr_ws/build/fleet_coordination/install.log', '--install-scripts', '$base/lib/fleet_coordination', '--single-version-externally-managed', 'install_data'], 'cwd': '/home/aditi/amr_ws/src/fleet_coordination', 'env': {'LESSOPEN': '| /usr/bin/lesspipe %s', 'AI_AGENT': 'github_copilot_vscode_agent', 'USER': 'aditi', 'GIT_EDITOR': ':', 'GIT_ASKPASS': '/home/aditi/.vscode-server/bin/08d4889f9ec4a1685d257b9b95de036c8e1ce1e5/extensions/git/dist/askpass.sh', 'SHLVL': '1', 'LD_LIBRARY_PATH': '/home/aditi/amr_ws/install/fleet_msgs/lib:/opt/ros/lyrical/opt/gz_math_vendor/lib:/opt/ros/lyrical/opt/gz_utils_vendor/lib:/opt/ros/lyrical/opt/rviz_ogre_vendor/lib:/opt/ros/lyrical/lib/x86_64-linux-gnu:/opt/ros/lyrical/opt/gz_cmake_vendor/lib:/opt/ros/lyrical/lib', 'COPILOT_AGENT': '1', 'HOME': '/home/aditi', 'OLDPWD': '/home/aditi/amr_ws', 'TERM_PROGRAM_VERSION': '1.135.0', 'VSCODE_IPC_HOOK_CLI': '/run/user/1000/vscode-ipc-f20b4c05-ba03-4796-b9fe-a44693847bfc.sock', 'ROS_PYTHON_VERSION': '3', 'VSCODE_GIT_ASKPASS_MAIN': '/home/aditi/.vscode-server/bin/08d4889f9ec4a1685d257b9b95de036c8e1ce1e5/extensions/git/dist/askpass-main.js', 'VSCODE_GIT_ASKPASS_NODE': '/home/aditi/.vscode-server/bin/08d4889f9ec4a1685d257b9b95de036c8e1ce1e5/node', 'VSCODE_PYTHON_AUTOACTIVATE_GUARD': '1', 'DBUS_SESSION_BUS_ADDRESS': 'unix:path=/run/user/1000/bus', 'COLORTERM': 'truecolor', 'WSL_DISTRO_NAME': 'Ubuntu', 'WAYLAND_DISPLAY': 'wayland-0', 'COLCON_PREFIX_PATH': '/home/aditi/amr_ws/install', 'ROS_DISTRO': 'lyrical', 'LOGNAME': 'aditi', 'NAME': 'DESKTOP-RPS3BKC', 'WSL_INTEROP': '/run/WSL/463_interop', 'PULSE_SERVER': 'unix:/mnt/wslg/PulseServer', '_': '/usr/bin/colcon', 'ROS_VERSION': '2', 'TERM': 'xterm-256color', 'HISTCONTROL': 'ignorespace', 'PATH': '/home/aditi/amr_ws/install/task_allocator/bin:/home/aditi/amr_ws/install/fleet_coordination/bin:/home/aditi/amr_ws/install/dashboard_bridge/bin:/home/aditi/.vscode-server/data/User/globalStorage/github.copilot-chat/debugCommand:/home/aditi/.vscode-server/data/User/globalStorage/github.copilot-chat/copilotCli:/home/aditi/.vscode-server/bin/08d4889f9ec4a1685d257b9b95de036c8e1ce1e5/bin/remote-cli:/opt/ros/lyrical/bin:/usr/local/sbin:/usr/local/bin:/usr/sbin:/usr/bin:/sbin:/bin:/usr/games:/usr/local/games:/usr/lib/wsl/lib:/mnt/c/WINDOWS/system32:/mnt/c/WINDOWS:/mnt/c/WINDOWS/System32/Wbem:/mnt/c/WINDOWS/System32/WindowsPowerShell/v1.0/:/mnt/c/WINDOWS/System32/OpenSSH/:/mnt/c/Program Files/Git/cmd:/mnt/c/Users/best/AppData/Local/Microsoft/WindowsApps:/mnt/c/Users/best/AppData/Local/Python/bin:/mnt/c/Users/best/AppData/Local/Programs/Microsoft VS Code/bin:/snap/bin', 'XDG_RUNTIME_DIR': '/run/user/1000', 'DISPLAY': ':0', 'LANG': 'C.UTF-8', 'LS_COLORS': 'rs=0:di=01;34:ln=01;36:mh=00:pi=40;33:so=01;35:do=01;35:bd=40;33;01:cd=40;33;01:or=40;31;01:mi=00:su=37;41:sg=30;43:ca=00:tw=30;42:ow=34;42:st=37;44:ex=01;32:*.tar=01;31:*.tgz=01;31:*.arc=01;31:*.arj=01;31:*.taz=01;31:*.lha=01;31:*.lz4=01;31:*.lzh=01;31:*.lzma=01;31:*.tlz=01;31:*.txz=01;31:*.tzo=01;31:*.t7z=01;31:*.zip=01;31:*.z=01;31:*.dz=01;31:*.gz=01;31:*.lrz=01;31:*.lz=01;31:*.lzo=01;31:*.xz=01;31:*.zst=01;31:*.tzst=01;31:*.bz2=01;31:*.bz=01;31:*.tbz=01;31:*.tbz2=01;31:*.tz=01;31:*.deb=01;31:*.rpm=01;31:*.jar=01;31:*.war=01;31:*.ear=01;31:*.sar=01;31:*.rar=01;31:*.alz=01;31:*.ace=01;31:*.zoo=01;31:*.cpio=01;31:*.7z=01;31:*.rz=01;31:*.cab=01;31:*.wim=01;31:*.swm=01;31:*.dwm=01;31:*.esd=01;31:*.avif=01;35:*.jpg=01;35:*.jpeg=01;35:*.mjpg=01;35:*.mjpeg=01;35:*.gif=01;35:*.bmp=01;35:*.pbm=01;35:*.pgm=01;35:*.ppm=01;35:*.tga=01;35:*.xbm=01;35:*.xpm=01;35:*.tif=01;35:*.tiff=01;35:*.png=01;35:*.svg=01;35:*.svgz=01;35:*.mng=01;35:*.pcx=01;35:*.mov=01;35:*.mpg=01;35:*.mpeg=01;35:*.m2v=01;35:*.mkv=01;35:*.webm=01;35:*.webp=01;35:*.ogm=01;35:*.mp4=01;35:*.m4v=01;35:*.mp4v=01;35:*.vob=01;35:*.qt=01;35:*.nuv=01;35:*.wmv=01;35:*.asf=01;35:*.rm=01;35:*.rmvb=01;35:*.flc=01;35:*.avi=01;35:*.fli=01;35:*.flv=01;35:*.gl=01;35:*.dl=01;35:*.xcf=01;35:*.xwd=01;35:*.yuv=01;35:*.cgm=01;35:*.emf=01;35:*.ogv=01;35:*.ogx=01;35:*.aac=00;36:*.au=00;36:*.flac=00;36:*.m4a=00;36:*.mid=00;36:*.midi=00;36:*.mka=00;36:*.mp3=00;36:*.mpc=00;36:*.ogg=00;36:*.ra=00;36:*.wav=00;36:*.oga=00;36:*.opus=00;36:*.spx=00;36:*.xspf=00;36:*~=00;90:*#=00;90:*.bak=00;90:*.old=00;90:*.orig=00;90:*.part=00;90:*.rej=00;90:*.swp=00;90:*.tmp=00;90:*.dpkg-dist=00;90:*.dpkg-old=00;90:*.ucf-dist=00;90:*.ucf-new=00;90:*.ucf-old=00;90:*.rpmnew=00;90:*.rpmorig=00;90:*.rpmsave=00;90:', 'VSCODE_GIT_IPC_HANDLE': '/run/user/1000/vscode-git-b665d4f52e.sock', 'TERM_PROGRAM': 'vscode', 'AMENT_PREFIX_PATH': '/home/aditi/amr_ws/install/task_allocator:/home/aditi/amr_ws/install/robot_bringup:/home/aditi/amr_ws/install/fleet_coordination:/home/aditi/amr_ws/install/dashboard_bridge:/home/aditi/amr_ws/install/fleet_msgs:/opt/ros/lyrical', 'DEBIAN_FRONTEND': 'noninteractive', 'SHELL': '/bin/bash', 'LESSCLOSE': '/usr/bin/lesspipe %s %s', 'ROS_AUTOMATIC_DISCOVERY_RANGE': 'SUBNET', 'VSCODE_GIT_ASKPASS_EXTRA_ARGS': '', 'GIT_PAGER': 'cat', 'PWD': '/home/aditi/amr_ws/build/fleet_coordination', 'GIT_MERGE_AUTOEDIT': 'no', 'COPILOT_DEBUG_NONCE': '25699d9c64f2baf40a09a7ee354c6df4', 'XDG_DATA_DIRS': '/usr/local/share:/usr/share:/var/lib/snapd/desktop', 'PYTHONPATH': '/home/aditi/amr_ws/build/fleet_coordination/prefix_override:/usr/lib/python3/dist-packages/colcon_core/task/python/colcon_distutils_commands:/home/aditi/amr_ws/install/fleet_coordination/lib/python3.14/site-packages:/home/aditi/amr_ws/install/fleet_msgs/lib/python3.14/site-packages:/home/aditi/amr_ws/install/task_allocator/lib/python3.14/site-packages:/home/aditi/amr_ws/install/robot_bringup/lib/python3.14/site-packages:/home/aditi/amr_ws/install/fleet_coordination/lib/python3.14/site-packages:/home/aditi/amr_ws/install/dashboard_bridge/lib/python3.14/site-packages:/opt/ros/lyrical/opt/gz_math_vendor/lib/python:/opt/ros/lyrical/lib/python3.14/site-packages', 'COLCON': '1', 'WSL2_GUI_APPS_ENABLED': '1', 'HOSTTYPE': 'x86_64', 'CMAKE_PREFIX_PATH': '/home/aditi/amr_ws/install/fleet_msgs:/opt/ros/lyrical/opt/gz_math_vendor:/opt/ros/lyrical/opt/gz_utils_vendor:/opt/ros/lyrical/opt/gz_cmake_vendor', 'WSLENV': 'VSCODE_WSL_EXT_LOCATION/up'}, 'shell': False}
[25.696780] (-) TimerEvent: {}
[25.797398] (-) TimerEvent: {}
[25.898125] (-) TimerEvent: {}
[25.999318] (-) TimerEvent: {}
[26.100316] (-) TimerEvent: {}
[26.201320] (-) TimerEvent: {}
[26.302001] (-) TimerEvent: {}
[26.402721] (-) TimerEvent: {}
[26.503345] (-) TimerEvent: {}
[26.578503] (fleet_coordination) StdoutLine: {'line': b'running egg_info\n'}
[26.603563] (-) TimerEvent: {}
[26.624130] (fleet_coordination) StdoutLine: {'line': b'writing ../../build/fleet_coordination/fleet_coordination.egg-info/PKG-INFO\n'}
[26.625268] (fleet_coordination) StdoutLine: {'line': b'writing dependency_links to ../../build/fleet_coordination/fleet_coordination.egg-info/dependency_links.txt\n'}
[26.625801] (fleet_coordination) StdoutLine: {'line': b'writing entry points to ../../build/fleet_coordination/fleet_coordination.egg-info/entry_points.txt\n'}
[26.626204] (fleet_coordination) StdoutLine: {'line': b'writing requirements to ../../build/fleet_coordination/fleet_coordination.egg-info/requires.txt\n'}
[26.626513] (fleet_coordination) StdoutLine: {'line': b'writing top-level names to ../../build/fleet_coordination/fleet_coordination.egg-info/top_level.txt\n'}
[26.703805] (-) TimerEvent: {}
[26.804354] (-) TimerEvent: {}
[26.810831] (fleet_coordination) StdoutLine: {'line': b"reading manifest file '../../build/fleet_coordination/fleet_coordination.egg-info/SOURCES.txt'\n"}
[26.812572] (fleet_coordination) StdoutLine: {'line': b"writing manifest file '../../build/fleet_coordination/fleet_coordination.egg-info/SOURCES.txt'\n"}
[26.813088] (fleet_coordination) StdoutLine: {'line': b'running build\n'}
[26.813598] (fleet_coordination) StdoutLine: {'line': b'running build_py\n'}
[26.813903] (fleet_coordination) StdoutLine: {'line': b'copying fleet_coordination/fleet_agent_node.py -> /home/aditi/amr_ws/build/fleet_coordination/build/lib/fleet_coordination\n'}
[26.814412] (fleet_coordination) StdoutLine: {'line': b'copying fleet_coordination/__init__.py -> /home/aditi/amr_ws/build/fleet_coordination/build/lib/fleet_coordination\n'}
[26.815524] (fleet_coordination) StdoutLine: {'line': b'running install\n'}
[26.824338] (fleet_coordination) StdoutLine: {'line': b'running install_lib\n'}
[26.870824] (fleet_coordination) StdoutLine: {'line': b'copying /home/aditi/amr_ws/build/fleet_coordination/build/lib/fleet_coordination/fleet_agent_node.py -> /home/aditi/amr_ws/install/fleet_coordination/lib/python3.14/site-packages/fleet_coordination\n'}
[26.872546] (fleet_coordination) StdoutLine: {'line': b'byte-compiling /home/aditi/amr_ws/install/fleet_coordination/lib/python3.14/site-packages/fleet_coordination/fleet_agent_node.py to fleet_agent_node.cpython-314.pyc\n'}
[26.880025] (fleet_coordination) StdoutLine: {'line': b'running install_data\n'}
[26.880591] (fleet_coordination) StdoutLine: {'line': b'copying resource/fleet_coordination -> /home/aditi/amr_ws/install/fleet_coordination/share/ament_index/resource_index/packages\n'}
[26.881041] (fleet_coordination) StdoutLine: {'line': b'copying package.xml -> /home/aditi/amr_ws/install/fleet_coordination/share/fleet_coordination\n'}
[26.881375] (fleet_coordination) StdoutLine: {'line': b'running install_egg_info\n'}
[26.904560] (-) TimerEvent: {}
[26.919907] (fleet_coordination) StdoutLine: {'line': b"removing '/home/aditi/amr_ws/install/fleet_coordination/lib/python3.14/site-packages/fleet_coordination-0.0.0-py3.14.egg-info' (and everything under it)\n"}
[26.920899] (fleet_coordination) StdoutLine: {'line': b'Copying ../../build/fleet_coordination/fleet_coordination.egg-info to /home/aditi/amr_ws/install/fleet_coordination/lib/python3.14/site-packages/fleet_coordination-0.0.0-py3.14.egg-info\n'}
[26.924341] (fleet_coordination) StdoutLine: {'line': b'running install_scripts\n'}
[27.004856] (-) TimerEvent: {}
[27.105656] (-) TimerEvent: {}
[27.206462] (-) TimerEvent: {}
[27.273452] (fleet_coordination) StdoutLine: {'line': b'Installing fleet_agent_node script to /home/aditi/amr_ws/install/fleet_coordination/lib/fleet_coordination\n'}
[27.274541] (fleet_coordination) StdoutLine: {'line': b"writing list of installed files to '/home/aditi/amr_ws/build/fleet_coordination/install.log'\n"}
[27.306783] (-) TimerEvent: {}
[27.402887] (fleet_coordination) CommandEnded: {'returncode': 0}
[27.407467] (-) TimerEvent: {}
[27.435324] (fleet_coordination) JobEnded: {'identifier': 'fleet_coordination', 'rc': 0}
[27.439108] (-) EventReactorShutdown: {}
